row,side,method,rms
616,blue,constant,0.15314102691424294
616,blue,powerlaw,0.12215683891386311
616,red,constant,0.04790898901948827
616,red,powerlaw,0.10049701508485664
10496,blue,constant,0.4323773430813543
10496,blue,powerlaw,0.40204087573035024
10496,red,constant,0.10227051411087788
10496,red,powerlaw,0.10242677520133207
2275,blue,constant,1.4642670726807552
2275,blue,powerlaw,1.994143924636618
2275,red,constant,0.5395762005159528
2275,red,powerlaw,0.3993343786035843
2261,blue,constant,0.026363158226236128
2261,blue,powerlaw,0.04436879345310787
2261,red,constant,0.04145032299972595
2261,red,powerlaw,0.03410244360400474
11900,blue,constant,0.912588999579486
11900,blue,powerlaw,1.226722140576619
11900,red,constant,0.39783216673193
11900,red,powerlaw,0.32565785387884794
12253,blue,constant,0.5577165526719126
12253,blue,powerlaw,0.4888864307010668
12253,red,constant,0.24127472622003696
12253,red,powerlaw,0.1607583306938892
7470,blue,constant,0.06400153570319926
7470,blue,powerlaw,0.04855900559540923
7470,red,constant,0.04395285072370634
7470,red,powerlaw,0.04233329323704987
1215,blue,constant,0.2494885108576474
1215,blue,powerlaw,0.3116214042694507
1215,red,constant,0.049836127927948344
1215,red,powerlaw,0.046816563653092225
5890,blue,constant,0.4047300366614408
5890,blue,powerlaw,0.6157568269893721
5890,red,constant,0.11001752665789682
5890,red,powerlaw,0.22572343861613714
9533,blue,constant,0.09494955448918226
9533,blue,powerlaw,0.09593791657603945
9533,red,constant,0.09540860958179957
9533,red,powerlaw,0.09712166363226811
3338,blue,constant,1.4337702833869808
3338,blue,powerlaw,1.6819064448403676
3338,red,constant,0.37616318986241415
3338,red,powerlaw,0.6661391511701579
2975,blue,constant,0.7581796991829867
2975,blue,powerlaw,0.18149879394118465
2975,red,constant,0.5130537854530961
2975,red,powerlaw,0.3769658207344163
7351,blue,constant,0.47901976083301717
7351,blue,powerlaw,0.47975860957292427
7351,red,constant,0.3189984604332485
7351,red,powerlaw,0.18952380519807957
5812,blue,constant,0.12687980999101836
5812,blue,powerlaw,0.18361515917481258
5812,red,constant,0.029500760872842074
5812,red,powerlaw,0.033321345633990744
9204,blue,constant,0.5800596778388765
9204,blue,powerlaw,0.7423691783822655
9204,red,constant,0.11528651152988967
9204,red,powerlaw,0.09701625160438221
4110,blue,constant,0.08207486585698913
4110,blue,powerlaw,0.04416152284413876
4110,red,constant,0.012698191697167587
4110,red,powerlaw,0.06991794247946896
12928,blue,constant,0.3683682910567818
12928,blue,powerlaw,0.31546169857148376
12928,red,constant,0.04473069091224493
12928,red,powerlaw,0.059155576679172296
3045,blue,constant,0.6891652760785882
3045,blue,powerlaw,0.672059257844528
3045,red,constant,0.06339433990760013
3045,red,powerlaw,0.06611958837443709
12615,blue,constant,0.06586227939647979
12615,blue,powerlaw,0.03526163368174788
12615,red,constant,0.065403533851372
12615,red,powerlaw,0.0557688378876783
2561,blue,constant,0.13746124470557572
2561,blue,powerlaw,0.08451951280076409
2561,red,constant,0.05004041034732205
2561,red,powerlaw,0.041634119353593534
6925,blue,constant,1.3524950013511012
6925,blue,powerlaw,1.3961223714899305
6925,red,constant,0.21288149163801978
6925,red,powerlaw,0.27214135673219636
3618,blue,constant,0.39063736980564995
3618,blue,powerlaw,0.37682764588196316
3618,red,constant,0.04075226938374091
3618,red,powerlaw,0.05816389536565573
7808,blue,constant,0.21537078191661546
7808,blue,powerlaw,0.263631854930709
7808,red,constant,0.04188115603576009
7808,red,powerlaw,0.03693260827656247
1482,blue,constant,0.23201181209882266
1482,blue,powerlaw,0.33323049236873464
1482,red,constant,0.05979729352852522
1482,red,powerlaw,0.07329283809156241
9322,blue,constant,3.090134995777114
9322,blue,powerlaw,2.4471430766650766
9322,red,constant,0.4051949047056269
9322,red,powerlaw,0.4688179688844361
12226,blue,constant,0.1175716293549628
12226,blue,powerlaw,0.13986997841367205
12226,red,constant,0.11859894566700417
12226,red,powerlaw,0.07729275888346432
12905,blue,constant,0.02761802695952101
12905,blue,powerlaw,0.033152450303940185
12905,red,constant,0.013782523770565583
12905,red,powerlaw,0.031809879456341096
1510,blue,constant,0.9415725156776832
1510,blue,powerlaw,1.1706795685226736
1510,red,constant,0.10510962482104495
1510,red,powerlaw,0.08519720816884922
6829,blue,constant,0.2818623199334629
6829,blue,powerlaw,0.22911716855475278
6829,red,constant,0.07528999920410424
6829,red,powerlaw,0.07196225751963116
5922,blue,constant,0.06902120785471048
5922,blue,powerlaw,0.06675073750788607
5922,red,constant,0.051806947352630896
5922,red,powerlaw,0.07412573578645716
4168,blue,constant,0.5497984505549717
4168,blue,powerlaw,0.49093907487819743
4168,red,constant,0.06406915331318538
4168,red,powerlaw,0.04839078975971125
12854,blue,constant,1.7395635340743538
12854,blue,powerlaw,1.6657225288199962
12854,red,constant,0.3312247905396874
12854,red,powerlaw,0.2545506276212964
6370,blue,constant,0.08765864829343789
6370,blue,powerlaw,0.08728308591774364
6370,red,constant,0.0659713571475282
6370,red,powerlaw,0.08720115965331152
974,blue,constant,0.2485867059507687
974,blue,powerlaw,0.19479230368511175
974,red,constant,0.28421174462688953
974,red,powerlaw,0.2844321150958336
2663,blue,constant,0.36365581952514814
2663,blue,powerlaw,0.5107114258998721
2663,red,constant,0.051357375933763785
2663,red,powerlaw,0.051491848482347516
542,blue,constant,0.3269110913672786
542,blue,powerlaw,0.3031031493465138
542,red,constant,0.032487563225528295
542,red,powerlaw,0.03164760068353015
1627,blue,constant,0.25662634783512267
1627,blue,powerlaw,0.20986285995342957
1627,red,constant,0.0530689672825113
1627,red,powerlaw,0.04005902998593854
2769,blue,constant,0.09131535591716988
2769,blue,powerlaw,0.06864451317551755
2769,red,constant,0.07439891228233134
2769,red,powerlaw,0.0569138785649912
3859,blue,constant,0.7098819553488641
3859,blue,powerlaw,0.8678450890701931
3859,red,constant,0.03558290846736848
3859,red,powerlaw,0.03667538751779597
6577,blue,constant,0.6699690806405046
6577,blue,powerlaw,0.44621651054954975
6577,red,constant,0.06299086441854218
6577,red,powerlaw,0.050020838906687556
6873,blue,constant,0.04438681781211296
6873,blue,powerlaw,0.0698705855514265
6873,red,constant,0.03273794777575139
6873,red,powerlaw,0.0297600991388132
8092,blue,constant,0.09646298399057866
8092,blue,powerlaw,0.075480485051175
8092,red,constant,0.01693195138579842
8092,red,powerlaw,0.016668979152488023
5325,blue,constant,1.8573798416422365
5325,blue,powerlaw,1.897504047822922
5325,red,constant,0.49393145282687123
5325,red,powerlaw,0.7338636501310754
6489,blue,constant,0.0810951912151661
6489,blue,powerlaw,0.08081563520625255
6489,red,constant,0.05373610043251974
6489,red,powerlaw,0.043472528551196876
506,blue,constant,0.07961745739811633
506,blue,powerlaw,0.07120895945705569
506,red,constant,0.02934578487456932
506,red,powerlaw,0.05062400456238444
611,blue,constant,0.16064183758310538
611,blue,powerlaw,0.15444611399345476
611,red,constant,0.07502576438175551
611,red,powerlaw,0.06513168769134546
3752,blue,constant,0.7213292274090556
3752,blue,powerlaw,0.6487929457302081
3752,red,constant,0.0355966679413531
3752,red,powerlaw,0.05093826108694551
9025,blue,constant,1.4249297541385992
9025,blue,powerlaw,1.2928232349406243
9025,red,constant,0.38188083513892485
9025,red,powerlaw,0.6438005322028177
806,blue,constant,2.487536766106891
806,blue,powerlaw,2.1844511057094658
806,red,constant,0.19467085780706264
806,red,powerlaw,0.6102073316068812
3272,blue,constant,0.6023246781216053
3272,blue,powerlaw,0.6619977616932209
3272,red,constant,0.07257416331580349
3272,red,powerlaw,0.050365033930145076
6536,blue,constant,0.2606149960768937
6536,blue,powerlaw,0.17609040900462739
6536,red,constant,0.06684835332171495
6536,red,powerlaw,0.035031566249968414
1644,blue,constant,1.1313084657328627
1644,blue,powerlaw,1.1480846060982544
1644,red,constant,0.2270792021548812
1644,red,powerlaw,0.24202685284693506
899,blue,constant,0.19348561886723417
899,blue,powerlaw,0.19849408690952114
899,red,constant,0.07231850851155379
899,red,powerlaw,0.08572137048366342
2064,blue,constant,1.1076857600283823
2064,blue,powerlaw,0.8422791588256064
2064,red,constant,0.1600457276419546
2064,red,powerlaw,0.11901857639285554
2963,blue,constant,0.6019159435934224
2963,blue,powerlaw,0.7994404301574756
2963,red,constant,0.1504223572525013
2963,red,powerlaw,0.19283811478026205
2615,blue,constant,0.21205042630474974
2615,blue,powerlaw,0.33447784754075216
2615,red,constant,0.07918152459768155
2615,red,powerlaw,0.09697398606865867
12709,blue,constant,0.19227324825326786
12709,blue,powerlaw,0.19770905231176453
12709,red,constant,0.045227219804460365
12709,red,powerlaw,0.05054271296056138
12927,blue,constant,0.16350078594783832
12927,blue,powerlaw,0.19321883919055077
12927,red,constant,0.07828111565265537
12927,red,powerlaw,0.10655729928738841
6614,blue,constant,0.22463381638948487
6614,blue,powerlaw,0.22056291137135856
6614,red,constant,0.05223883123619719
6614,red,powerlaw,0.07429267491639482
6250,blue,constant,0.1636655654022521
6250,blue,powerlaw,0.1873681623411524
6250,red,constant,0.03540163370003147
6250,red,powerlaw,0.053962442850166756
10350,blue,constant,0.39054564738881165
10350,blue,powerlaw,0.3544859198693808
10350,red,constant,0.10670771287209808
10350,red,powerlaw,0.11568525977153166
1090,blue,constant,1.8536935501952438
1090,blue,powerlaw,1.9202025682972217
1090,red,constant,0.20434099151216598
1090,red,powerlaw,0.1807273837045944
1262,blue,constant,0.42411590762230045
1262,blue,powerlaw,0.36155383859020435
1262,red,constant,0.029640436306049758
1262,red,powerlaw,0.01106746736968291
9016,blue,constant,0.13203531865022305
9016,blue,powerlaw,0.1618272806672834
9016,red,constant,0.06288998467820431
9016,red,powerlaw,0.034560064211640214
9082,blue,constant,0.0807075864871922
9082,blue,powerlaw,0.08549475597088473
9082,red,constant,0.036702801483550054
9082,red,powerlaw,0.042593423815475595
7198,blue,constant,0.07352903577312388
7198,blue,powerlaw,0.11506711027969872
7198,red,constant,0.10811910465179193
7198,red,powerlaw,0.10872184190310093
9191,blue,constant,0.07545636742863737
9191,blue,powerlaw,0.03311952450583796
9191,red,constant,0.03680077851126986
9191,red,powerlaw,0.0479323558955764
7972,blue,constant,1.5467962674159317
7972,blue,powerlaw,1.3555973696348507
7972,red,constant,0.17597674879723713
7972,red,powerlaw,0.15459472498067328
8185,blue,constant,0.7527497214179512
8185,blue,powerlaw,1.0680604564951524
8185,red,constant,0.39973598714351194
8185,red,powerlaw,0.2643391301416278
4124,blue,constant,0.1290663634699718
4124,blue,powerlaw,0.15173748082292235
4124,red,constant,0.08299363545803859
4124,red,powerlaw,0.07921953492596771
12766,blue,constant,0.05760822654711029
12766,blue,powerlaw,0.055634093246776616
12766,red,constant,0.08974491371948948
12766,red,powerlaw,0.07942021887481038
11323,blue,constant,0.06420068621222898
11323,blue,powerlaw,0.079877379942193
11323,red,constant,0.048074926906106076
11323,red,powerlaw,0.046161454485198296
3336,blue,constant,0.05792349719340487
3336,blue,powerlaw,0.035337924619195694
3336,red,constant,0.05500459634028008
3336,red,powerlaw,0.08888527562829653
9288,blue,constant,0.11113892602917907
9288,blue,powerlaw,0.14151197441065824
9288,red,constant,0.05843020926566383
9288,red,powerlaw,0.08882245527063244
13,blue,constant,0.052426301068623775
13,blue,powerlaw,0.09419621011998613
13,red,constant,0.03313605943831602
13,red,powerlaw,0.08336603307534317
7683,blue,constant,0.4731421531104976
7683,blue,powerlaw,0.4012278537008368
7683,red,constant,0.026059001202291265
7683,red,powerlaw,0.07347049569739446
3233,blue,constant,0.08762364132286218
3233,blue,powerlaw,0.02992482454922711
3233,red,constant,0.05924772269581445
3233,red,powerlaw,0.04411892362442154
10956,blue,constant,0.32065729672778753
10956,blue,powerlaw,0.2924502911133316
10956,red,constant,0.032361371074407994
10956,red,powerlaw,0.07486803240871086
2959,blue,constant,0.21579448874585955
2959,blue,powerlaw,0.20484120366762312
2959,red,constant,0.040043299381845886
2959,red,powerlaw,0.0677800553080031
10848,blue,constant,0.7039476970796429
10848,blue,powerlaw,1.059259757539654
10848,red,constant,0.24390720707653055
10848,red,powerlaw,0.26979923547082474
5525,blue,constant,0.10552415981395041
5525,blue,powerlaw,0.0912926727358317
5525,red,constant,0.06299674270900263
5525,red,powerlaw,0.05063962599235911
12556,blue,constant,0.49361996103087297
12556,blue,powerlaw,0.3704140212464048
12556,red,constant,0.09631710555600827
12556,red,powerlaw,0.08758547259671952
47,blue,constant,0.05345166885777344
47,blue,powerlaw,0.06391782184750226
47,red,constant,0.08730321343469666
47,red,powerlaw,0.059845581037529925
9592,blue,constant,0.039034965911029534
9592,blue,powerlaw,0.027917147889618188
9592,red,constant,0.05340182567261183
9592,red,powerlaw,0.044795243610603726
5442,blue,constant,0.15319873245411855
5442,blue,powerlaw,0.11347405593876594
5442,red,constant,0.03290178376788367
5442,red,powerlaw,0.037113049457162955
405,blue,constant,0.05251054067010059
405,blue,powerlaw,0.04380023936621534
405,red,constant,0.06141030057630331
405,red,powerlaw,0.08102624954571411
5343,blue,constant,0.30264032016771086
5343,blue,powerlaw,0.21664606610790382
5343,red,constant,0.056448704445799046
5343,red,powerlaw,0.04928802040321456
11334,blue,constant,0.5468783091504557
11334,blue,powerlaw,0.5273327175025354
11334,red,constant,0.25049962414400917
11334,red,powerlaw,0.22247745689240453
12338,blue,constant,0.5884204741349947
12338,blue,powerlaw,0.4530236224272061
12338,red,constant,0.09421869874484988
12338,red,powerlaw,0.09780231840012718
7855,blue,constant,0.12048378600118023
7855,blue,powerlaw,0.13789556532177263
7855,red,constant,0.05262164305370948
7855,red,powerlaw,0.04797741352428805
5511,blue,constant,0.03301022167738554
5511,blue,powerlaw,0.08744246898883015
5511,red,constant,0.030816529191478797
5511,red,powerlaw,0.07713400616488524
12159,blue,constant,0.059008972707146404
12159,blue,powerlaw,0.2079057742493681
12159,red,constant,0.035384533201485095
12159,red,powerlaw,0.037602550446626824
5806,blue,constant,0.4650995549222879
5806,blue,powerlaw,0.4439774518947956
5806,red,constant,0.08332936906963702
5806,red,powerlaw,0.10482498078841264
12807,blue,constant,0.9866290364759771
12807,blue,powerlaw,1.0609826160781897
12807,red,constant,0.09760145648262601
12807,red,powerlaw,0.09612558988803097
6267,blue,constant,0.10903431466591798
6267,blue,powerlaw,0.12707955497189488
6267,red,constant,0.04728245810782424
6267,red,powerlaw,0.059261988342829884
5468,blue,constant,0.34673668484914233
5468,blue,powerlaw,0.1713561504796058
5468,red,constant,0.13282849346070333
5468,red,powerlaw,0.09427142212702369
10446,blue,constant,2.509358720008892
10446,blue,powerlaw,1.8636906447997057
10446,red,constant,0.35618261501844695
10446,red,powerlaw,0.27974190390575276
8010,blue,constant,1.834948339447409
8010,blue,powerlaw,1.7278502764954486
8010,red,constant,0.28630297121325643
8010,red,powerlaw,0.1900869923302986
13061,blue,constant,0.7715909445353807
13061,blue,powerlaw,1.1020957013919528
13061,red,constant,0.14056019043273682
13061,red,powerlaw,0.16069027920353776
1159,blue,constant,0.20405705363515786
1159,blue,powerlaw,0.16973846947893925
1159,red,constant,0.08532968791135401
1159,red,powerlaw,0.11846727115132234
148,blue,constant,0.20982204162427678
148,blue,powerlaw,0.21792223770437186
148,red,constant,0.10823368997979108
148,red,powerlaw,0.11045564008932307
2520,blue,constant,0.3394991212220583
2520,blue,powerlaw,0.33658393440825335
2520,red,constant,0.1878058497465133
2520,red,powerlaw,0.22733627400868747
5128,blue,constant,2.0758152208403295
5128,blue,powerlaw,2.3347089280203264
5128,red,constant,0.19374496452515858
5128,red,powerlaw,0.15278027260638533
11079,blue,constant,2.3519761760754343
11079,blue,powerlaw,1.204033918182029
11079,red,constant,0.047937746238114524
11079,red,powerlaw,0.049952675442637415
7298,blue,constant,0.3631120394950632
7298,blue,powerlaw,0.43614395793022154
7298,red,constant,0.2290918265452183
7298,red,powerlaw,0.2030280131358158
4472,blue,constant,0.2522973532111895
4472,blue,powerlaw,0.2617322160930213
4472,red,constant,0.07305342470025816
4472,red,powerlaw,0.06622039427118667
2489,blue,constant,2.565173429479405
2489,blue,powerlaw,2.847484928089419
2489,red,constant,0.30295297831442874
2489,red,powerlaw,0.15367880869605788
10325,blue,constant,0.5918087106606776
10325,blue,powerlaw,0.6648443290559752
10325,red,constant,0.13479912575751002
10325,red,powerlaw,0.19767745379328297
10569,blue,constant,0.36469149810726054
10569,blue,powerlaw,0.3862754911480855
10569,red,constant,0.19875179173939264
10569,red,powerlaw,0.08946128305896797
1768,blue,constant,0.40416720440681897
1768,blue,powerlaw,0.7811864104972597
1768,red,constant,0.10592755589498973
1768,red,powerlaw,0.10406014652673098
943,blue,constant,0.0806975172681016
943,blue,powerlaw,0.05325731191011112
943,red,constant,0.08951942025405585
943,red,powerlaw,0.038518077668623515
8148,blue,constant,1.084681759442792
8148,blue,powerlaw,0.9563700914835586
8148,red,constant,0.21381623824896437
8148,red,powerlaw,0.2912791795703927
7183,blue,constant,0.3977529059684935
7183,blue,powerlaw,0.3907475748365621
7183,red,constant,0.10214365545777279
7183,red,powerlaw,0.06132383920902643
12088,blue,constant,0.39416181554250196
12088,blue,powerlaw,0.38437215268982117
12088,red,constant,0.19121513040321872
12088,red,powerlaw,0.09881829345857404
8692,blue,constant,0.2999378518419315
8692,blue,powerlaw,0.2781607834702823
8692,red,constant,0.06321970492713087
8692,red,powerlaw,0.07671419496954592
8353,blue,constant,0.3981052774042814
8353,blue,powerlaw,0.36922172009082943
8353,red,constant,0.17235764668551276
8353,red,powerlaw,0.14522439887983574
10065,blue,constant,2.7443862522871196
10065,blue,powerlaw,2.9493396246604466
10065,red,constant,0.11797024001501959
10065,red,powerlaw,0.08559616818411331
10408,blue,constant,0.5801753899316301
10408,blue,powerlaw,0.5657160444948773
10408,red,constant,0.32979507278772247
10408,red,powerlaw,0.3481059804618343
5390,blue,constant,0.2972309811930082
5390,blue,powerlaw,0.3278081481823562
5390,red,constant,0.051606251089614086
5390,red,powerlaw,0.05353087147696579
12683,blue,constant,1.3937073784969622
12683,blue,powerlaw,1.366032125120948
12683,red,constant,0.13976876628517773
12683,red,powerlaw,0.2037999445472113
1940,blue,constant,0.2657642229486197
1940,blue,powerlaw,0.2669760669328708
1940,red,constant,0.05844355234170714
1940,red,powerlaw,0.07311323685889204
12862,blue,constant,0.7394260814922694
12862,blue,powerlaw,0.9077489645801184
12862,red,constant,0.17810964676135355
12862,red,powerlaw,0.16397181004938233
6810,blue,constant,0.31605873593394546
6810,blue,powerlaw,0.7689366200169593
6810,red,constant,0.4366781643792791
6810,red,powerlaw,0.3347400091591842
9321,blue,constant,0.27035638222569996
9321,blue,powerlaw,0.2691749382376121
9321,red,constant,0.11882426893032991
9321,red,powerlaw,0.12581778429833793
6473,blue,constant,1.3250597003763265
6473,blue,powerlaw,1.1674564760434725
6473,red,constant,0.38101433446936844
6473,red,powerlaw,0.29122790436150436
2849,blue,constant,0.27250704859717334
2849,blue,powerlaw,0.2922093743443298
2849,red,constant,0.11127434644174569
2849,red,powerlaw,0.09353015640188844
8875,blue,constant,0.044565400149068166
8875,blue,powerlaw,0.06021914341482123
8875,red,constant,0.056398302865098206
8875,red,powerlaw,0.04750201397044423
8494,blue,constant,0.1677256203787678
8494,blue,powerlaw,0.18108378065185685
8494,red,constant,0.04670348186084268
8494,red,powerlaw,0.05199197347401592
7429,blue,constant,0.7908890245990348
7429,blue,powerlaw,0.5583878032281182
7429,red,constant,0.0894059208380085
7429,red,powerlaw,0.08535146401936851
2267,blue,constant,0.21009702157653598
2267,blue,powerlaw,0.14572142435580598
2267,red,constant,0.06331636496986195
2267,red,powerlaw,0.12022770425347716
10745,blue,constant,2.1026255816721036
10745,blue,powerlaw,1.9018402071002776
10745,red,constant,0.46210625907293684
10745,red,powerlaw,0.28305113033049323
5733,blue,constant,0.15716373904536426
5733,blue,powerlaw,0.08680217135519186
5733,red,constant,0.2559194568716751
5733,red,powerlaw,0.19410012250944492
7353,blue,constant,0.08019582032562526
7353,blue,powerlaw,0.10035190938403356
7353,red,constant,0.16976132119988463
7353,red,powerlaw,0.23652236314847078
7011,blue,constant,0.17521568129384835
7011,blue,powerlaw,0.2544090839284461
7011,red,constant,0.01741490514620016
7011,red,powerlaw,0.05518793126054356
499,blue,constant,0.209419894967419
499,blue,powerlaw,0.21651337487522637
499,red,constant,0.1324536060097318
499,red,powerlaw,0.26050851427086297
4425,blue,constant,0.7567928438622151
4425,blue,powerlaw,0.7141761651443974
4425,red,constant,0.1286775633490485
4425,red,powerlaw,0.18343521085195807
9615,blue,constant,0.3874126159264234
9615,blue,powerlaw,0.35149059914595515
9615,red,constant,0.10358997420942145
9615,red,powerlaw,0.12305279218500798
7081,blue,constant,0.3910592384956542
7081,blue,powerlaw,0.29406682715011406
7081,red,constant,0.07128668439997005
7081,red,powerlaw,0.06825638930170598
3149,blue,constant,0.5678421172193545
3149,blue,powerlaw,0.5826270310090557
3149,red,constant,0.11663268103118482
3149,red,powerlaw,0.046121382268795606
5215,blue,constant,0.12662401522813643
5215,blue,powerlaw,0.09397223652764343
5215,red,constant,0.053845284843073625
5215,red,powerlaw,0.029060772051641762
8980,blue,constant,0.7396807398478412
8980,blue,powerlaw,0.7108028006735669
8980,red,constant,0.2957089431039187
8980,red,powerlaw,0.27105449906561885
2586,blue,constant,0.691970235022553
2586,blue,powerlaw,0.8129604670552111
2586,red,constant,0.07661502895675426
2586,red,powerlaw,0.06448739668725431
8315,blue,constant,2.0534471067494064
8315,blue,powerlaw,3.187540797785704
8315,red,constant,0.2768863228618345
8315,red,powerlaw,0.16958237114130298
9208,blue,constant,0.6017875647192072
9208,blue,powerlaw,0.6632985780221465
9208,red,constant,0.05899696262454402
9208,red,powerlaw,0.07157419260519704
34,blue,constant,3.7373994757232984
34,blue,powerlaw,4.444994900319032
34,red,constant,0.26594251666963215
34,red,powerlaw,0.19304335124265967
5639,blue,constant,0.12362898029171379
5639,blue,powerlaw,0.1686965911854498
5639,red,constant,0.06475580655904861
5639,red,powerlaw,0.07338989522318781
11440,blue,constant,1.2089799711119862
11440,blue,powerlaw,1.1854243337966812
11440,red,constant,0.24547858090116653
11440,red,powerlaw,0.24271063165131973
11318,blue,constant,0.1594297593516105
11318,blue,powerlaw,0.18621608843989088
11318,red,constant,0.056479863911322294
11318,red,powerlaw,0.06418385663687033
12872,blue,constant,1.7701637553448533
12872,blue,powerlaw,2.410017897765297
12872,red,constant,0.40242316232138164
12872,red,powerlaw,0.3790089294112805
6815,blue,constant,0.7551059355028786
6815,blue,powerlaw,0.845663830192751
6815,red,constant,0.5332560105407235
6815,red,powerlaw,0.43546303425686955
1302,blue,constant,0.20344682821431387
1302,blue,powerlaw,0.1939098528516134
1302,red,constant,0.03868735587104151
1302,red,powerlaw,0.031441340997515346
4949,blue,constant,1.107577778922436
4949,blue,powerlaw,1.1551558164376816
4949,red,constant,0.18406391589821294
4949,red,powerlaw,0.17911562727101848
4975,blue,constant,0.1670610145763009
4975,blue,powerlaw,0.1264880439125438
4975,red,constant,0.093954520038685
4975,red,powerlaw,0.13582503043998487
10522,blue,constant,0.4727216247865064
10522,blue,powerlaw,0.42647138832315407
10522,red,constant,0.11632932117654293
10522,red,powerlaw,0.11721523213193355
12889,blue,constant,0.5524248625895738
12889,blue,powerlaw,0.5230783935740076
12889,red,constant,0.19921360535967172
12889,red,powerlaw,0.2206906207691036
2410,blue,constant,0.1311747472357645
2410,blue,powerlaw,0.13126757068094633
2410,red,constant,0.08795778825390882
2410,red,powerlaw,0.08605072631319048
392,blue,constant,0.8714069531085671
392,blue,powerlaw,1.331114656444892
392,red,constant,0.11027631096723363
392,red,powerlaw,0.11432945342676698
2007,blue,constant,1.7157950567174531
2007,blue,powerlaw,2.0392291789506984
2007,red,constant,0.4510647701535512
2007,red,powerlaw,0.795639537090287
2407,blue,constant,0.23689997327310505
2407,blue,powerlaw,0.2737719969054006
2407,red,constant,0.11591179601184563
2407,red,powerlaw,0.29994991881044997
7995,blue,constant,1.2459205197208003
7995,blue,powerlaw,0.8307032696779247
7995,red,constant,0.28126777276413184
7995,red,powerlaw,0.18122528779855562
2918,blue,constant,0.9828591995565702
2918,blue,powerlaw,0.9652462948232075
2918,red,constant,0.44032792852307906
2918,red,powerlaw,0.4512764454521195
6967,blue,constant,0.493550283302932
6967,blue,powerlaw,0.6888411285378445
6967,red,constant,0.31638422950846834
6967,red,powerlaw,0.13560307392368015
435,blue,constant,0.4205701813877755
435,blue,powerlaw,0.1444725682313721
435,red,constant,0.06741663722936822
435,red,powerlaw,0.19684436789176946
2645,blue,constant,0.5385708407518672
2645,blue,powerlaw,1.1294711501204397
2645,red,constant,0.4851287732247465
2645,red,powerlaw,0.6848275757553852
11645,blue,constant,0.6069802161896861
11645,blue,powerlaw,0.6062001395826286
11645,red,constant,0.1887776678041938
11645,red,powerlaw,0.11323304089122693
1533,blue,constant,0.3063678505932703
1533,blue,powerlaw,0.3198945286940591
1533,red,constant,0.08146274641071506
1533,red,powerlaw,0.07449731140410903
8648,blue,constant,0.42332171266972335
8648,blue,powerlaw,0.4682460856034493
8648,red,constant,0.0684807409926533
8648,red,powerlaw,0.05281825592006526
6062,blue,constant,1.3415907067234325
6062,blue,powerlaw,1.0068509222210484
6062,red,constant,0.4488625804397051
6062,red,powerlaw,0.3367885025801384
7321,blue,constant,0.1829417070665147
7321,blue,powerlaw,0.15441449603864174
7321,red,constant,0.11762788953222783
7321,red,powerlaw,0.10047571479573598
5141,blue,constant,0.4121854751414052
5141,blue,powerlaw,0.35144015636095716
5141,red,constant,0.083578952671109
5141,red,powerlaw,0.07476723854112306
10301,blue,constant,0.21287597545677736
10301,blue,powerlaw,0.22368557536398953
10301,red,constant,0.08876225349647808
10301,red,powerlaw,0.20417178225279348
9710,blue,constant,0.2781995619731477
9710,blue,powerlaw,0.1378408631383254
9710,red,constant,0.032957100209081235
9710,red,powerlaw,0.031381329035284115
6117,blue,constant,0.31198911420166503
6117,blue,powerlaw,0.22195806871479465
6117,red,constant,0.06928204664168429
6117,red,powerlaw,0.06160686982887851
5880,blue,constant,0.06629542220996262
5880,blue,powerlaw,0.07060810109932429
5880,red,constant,0.04758228358128237
5880,red,powerlaw,0.07891159926473511
11652,blue,constant,0.9534035488751251
11652,blue,powerlaw,0.9687560490511423
11652,red,constant,0.21879429227854708
11652,red,powerlaw,0.0643372748398404
6690,blue,constant,0.3881440278163739
6690,blue,powerlaw,0.34944653364095546
6690,red,constant,0.1461374646477519
6690,red,powerlaw,0.22099610950356516
1365,blue,constant,1.1949394009360665
1365,blue,powerlaw,0.5610803979419514
1365,red,constant,0.7255615264916714
1365,red,powerlaw,0.586590036207741
12070,blue,constant,0.6559410199148522
12070,blue,powerlaw,0.8060658470126054
12070,red,constant,1.1188488280054003
12070,red,powerlaw,1.0159326177741688
1303,blue,constant,3.0443282226457526
1303,blue,powerlaw,3.04480680329714
1303,red,constant,0.17293177439066526
1303,red,powerlaw,0.19063644454374695
12926,blue,constant,0.0761235358744684
12926,blue,powerlaw,0.12227819342368021
12926,red,constant,0.0230496357818187
12926,red,powerlaw,0.07964011777051341
12750,blue,constant,7.904613371062497
12750,blue,powerlaw,9.054888546941001
12750,red,constant,0.7423273924661503
12750,red,powerlaw,1.2135349130877806
3053,blue,constant,0.08074626307010291
3053,blue,powerlaw,0.07254336110290356
3053,red,constant,0.03910463017228985
3053,red,powerlaw,0.025991872395463446
6273,blue,constant,0.4311721224187702
6273,blue,powerlaw,0.31896197763606254
6273,red,constant,0.08069735283643642
6273,red,powerlaw,0.056980873278992615
7936,blue,constant,0.6136279765515538
7936,blue,powerlaw,1.0804684709785952
7936,red,constant,0.13094412994368873
7936,red,powerlaw,0.1870926082711204
3362,blue,constant,0.8168635577388675
3362,blue,powerlaw,0.7136822426935232
3362,red,constant,0.03379920116926679
3362,red,powerlaw,0.11231073167032525
505,blue,constant,0.18430212792963108
505,blue,powerlaw,0.22824947152821415
505,red,constant,0.11737028009457767
505,red,powerlaw,0.1450708222830718
11312,blue,constant,0.9329704228887362
11312,blue,powerlaw,1.010812911334782
11312,red,constant,0.13447418708564104
11312,red,powerlaw,0.06698939692316355
5982,blue,constant,0.051103826251427655
5982,blue,powerlaw,0.0493067534522773
5982,red,constant,0.02421814035717947
5982,red,powerlaw,0.07656039807773773
3720,blue,constant,0.1430177386346945
3720,blue,powerlaw,0.06752473973550989
3720,red,constant,0.09220578709697985
3720,red,powerlaw,0.08065418229391115
1408,blue,constant,0.18054199610756003
1408,blue,powerlaw,0.18879682855773494
1408,red,constant,0.030818726777480862
1408,red,powerlaw,0.049897364684034905
2383,blue,constant,0.7586766243199926
2383,blue,powerlaw,0.6033043035005231
2383,red,constant,0.17259854122503168
2383,red,powerlaw,0.16941614516810566
7117,blue,constant,0.9500755496609063
7117,blue,powerlaw,0.4946073447627338
7117,red,constant,0.5249906611838318
7117,red,powerlaw,0.5194407701023784
7309,blue,constant,0.6569541292694512
7309,blue,powerlaw,0.817377915550977
7309,red,constant,0.5443858416287772
7309,red,powerlaw,0.27023452804398845
6661,blue,constant,2.5283220992000985
6661,blue,powerlaw,3.656329633472224
6661,red,constant,0.11063705826987953
6661,red,powerlaw,0.1365631778064097
5387,blue,constant,1.23212245495202
5387,blue,powerlaw,1.335552896280292
5387,red,constant,0.09911406003969388
5387,red,powerlaw,0.07143263067555733
5138,blue,constant,0.1574267409258064
5138,blue,powerlaw,0.14117616924156684
5138,red,constant,0.11392775294571657
5138,red,powerlaw,0.02935162515858444
12378,blue,constant,0.4619802587198066
12378,blue,powerlaw,0.4461991949267637
12378,red,constant,0.14246653202981863
12378,red,powerlaw,0.21329955487000996
10688,blue,constant,0.38719968523921444
10688,blue,powerlaw,0.377957643855059
10688,red,constant,0.20839499863327351
10688,red,powerlaw,0.16356082099982439
3552,blue,constant,0.16423147674181737
3552,blue,powerlaw,0.17496984915545521
3552,red,constant,0.06203912986857204
3552,red,powerlaw,0.04506097453798829
11055,blue,constant,1.3214980588771834
11055,blue,powerlaw,1.2129834354104712
11055,red,constant,0.24641582567336717
11055,red,powerlaw,0.15084535007789054
39,blue,constant,3.2962139207320074
39,blue,powerlaw,3.3899357565331534
39,red,constant,0.643893990242937
39,red,powerlaw,0.6622201436847263
1782,blue,constant,1.002436296094136
1782,blue,powerlaw,0.8551247486560646
1782,red,constant,0.523626722496348
1782,red,powerlaw,0.6243678013457639
6656,blue,constant,0.2671647709001707
6656,blue,powerlaw,0.44347378110963165
6656,red,constant,0.061267447687141534
6656,red,powerlaw,0.09005203690988513
2335,blue,constant,1.3432804656091484
2335,blue,powerlaw,0.43561475631963614
2335,red,constant,0.3868570447275422
2335,red,powerlaw,0.38915526590573046
6219,blue,constant,1.258270378025163
6219,blue,powerlaw,1.849289444104721
6219,red,constant,0.878820676515337
6219,red,powerlaw,0.9301697324820529
1106,blue,constant,0.18497009281413077
1106,blue,powerlaw,0.1677628554262965
1106,red,constant,0.12891407365259117
1106,red,powerlaw,0.055089556938307645
5282,blue,constant,0.6275878647780283
5282,blue,powerlaw,0.7272327237776841
5282,red,constant,0.09145468527399005
5282,red,powerlaw,0.08324274609475045
12454,blue,constant,1.134037562404253
12454,blue,powerlaw,0.822621067646407
12454,red,constant,0.8320376224563313
12454,red,powerlaw,0.7883773734943726
7492,blue,constant,1.120228668238999
7492,blue,powerlaw,0.71855240019192
7492,red,constant,0.12475477628393468
7492,red,powerlaw,0.1572960259382523
3049,blue,constant,1.1953629131641812
3049,blue,powerlaw,1.2786325950625983
3049,red,constant,0.21728921926119663
3049,red,powerlaw,0.21025744797362925
1086,blue,constant,0.14742048348838882
1086,blue,powerlaw,0.2410435465946867
1086,red,constant,0.09601052348031613
1086,red,powerlaw,0.12546963878635461
5256,blue,constant,0.8811717885244192
5256,blue,powerlaw,0.7090666219278443
5256,red,constant,1.1585204477410644
5256,red,powerlaw,1.1100080057879889
4623,blue,constant,1.2433126499595366
4623,blue,powerlaw,1.4436338849174872
4623,red,constant,0.18754505638847077
4623,red,powerlaw,0.18943573373646658
3444,blue,constant,1.248531130155628
3444,blue,powerlaw,1.1810995059130993
3444,red,constant,0.13770425384905471
3444,red,powerlaw,0.13772755921650556
5604,blue,constant,1.3226983344881547
5604,blue,powerlaw,0.7433951819523431
5604,red,constant,0.2596103730316892
5604,red,powerlaw,0.15565306768562184
3911,blue,constant,0.7166750129838644
3911,blue,powerlaw,0.9054548954110406
3911,red,constant,0.29557274702668396
3911,red,powerlaw,0.09965726287458623
3448,blue,constant,1.2961846056185737
3448,blue,powerlaw,1.2668362402064628
3448,red,constant,0.12281415347006172
3448,red,powerlaw,0.12195989063195656
5019,blue,constant,1.225520976826695
5019,blue,powerlaw,1.0799999101701767
5019,red,constant,0.13796324534808077
5019,red,powerlaw,0.17352106111876123
6169,blue,constant,3.5691475232176884
6169,blue,powerlaw,2.7694955217090107
6169,red,constant,1.093313357789206
6169,red,powerlaw,1.1989922473467147
6874,blue,constant,0.9924776744518146
6874,blue,powerlaw,0.9162028293976467
6874,red,constant,0.29034355251721455
6874,red,powerlaw,0.20591255329651667
6494,blue,constant,0.2907622943744746
6494,blue,powerlaw,0.30764744406094274
6494,red,constant,0.10988492143804839
6494,red,powerlaw,0.11172887417587367
12195,blue,constant,1.4896485002146722
12195,blue,powerlaw,1.737796699398181
12195,red,constant,0.5199574516603555
12195,red,powerlaw,0.45902683996471216
5471,blue,constant,0.5938023360613389
5471,blue,powerlaw,1.0487382280590445
5471,red,constant,0.12416655403594326
5471,red,powerlaw,0.28784410378440234
2411,blue,constant,0.36660911632218174
2411,blue,powerlaw,0.41722050690256535
2411,red,constant,0.10028845065841802
2411,red,powerlaw,0.24060694225000395
9530,blue,constant,0.3381124824646356
9530,blue,powerlaw,0.3497176917189569
9530,red,constant,0.14441407448007126
9530,red,powerlaw,0.20868651996084372
5235,blue,constant,2.327541221287441
5235,blue,powerlaw,2.517461219805429
5235,red,constant,0.4256423450810201
5235,red,powerlaw,0.4038790626656282
2855,blue,constant,4.4887463250150095
2855,blue,powerlaw,3.973189161994893
2855,red,constant,0.15677425254994962
2855,red,powerlaw,0.1528357769081881
11052,blue,constant,0.80393855109166
11052,blue,powerlaw,0.9415535621980199
11052,red,constant,0.16037165110178023
11052,red,powerlaw,0.11565805707732868
1680,blue,constant,2.6810615318115705
1680,blue,powerlaw,3.3115887325168387
1680,red,constant,0.4784677030606941
1680,red,powerlaw,0.5190407281916306
6183,blue,constant,0.8262008416490839
6183,blue,powerlaw,0.7192058338451851
6183,red,constant,0.09819339978880366
6183,red,powerlaw,0.10318681200458314
11793,blue,constant,1.66911520864638
11793,blue,powerlaw,1.0534673373175831
11793,red,constant,0.11118172159978726
11793,red,powerlaw,0.12527023855112768
4166,blue,constant,1.1117076967216726
4166,blue,powerlaw,1.3206591893040849
4166,red,constant,0.12912804004421652
4166,red,powerlaw,0.12442375498954805
11251,blue,constant,0.6225987240589735
11251,blue,powerlaw,0.5043955874049384
11251,red,constant,0.20155948125211653
11251,red,powerlaw,0.177776235556551
5336,blue,constant,0.9341067384831214
5336,blue,powerlaw,1.0334236639119392
5336,red,constant,0.25582056187214414
5336,red,powerlaw,0.2421133952611413
9631,blue,constant,0.8586349273302712
9631,blue,powerlaw,1.036006579784239
9631,red,constant,0.22116683389408776
9631,red,powerlaw,0.16594529434269692
12152,blue,constant,0.611305147965057
12152,blue,powerlaw,0.5881981408874881
12152,red,constant,0.4709847303888155
12152,red,powerlaw,0.5178916313538953
10392,blue,constant,2.2717270904970794
10392,blue,powerlaw,3.8944485382597507
10392,red,constant,0.6528050952259464
10392,red,powerlaw,0.6368813268156139
3295,blue,constant,0.5307261111031399
3295,blue,powerlaw,0.12637605849886815
3295,red,constant,0.1427256298184969
3295,red,powerlaw,0.12707318928935118
10432,blue,constant,3.415045243188937
10432,blue,powerlaw,2.626114390626641
10432,red,constant,1.2017023253327768
10432,red,powerlaw,1.0808282498230923
7027,blue,constant,1.819563001212025
7027,blue,powerlaw,2.891786209510646
7027,red,constant,0.38749969374616916
7027,red,powerlaw,0.35234840035167125
12531,blue,constant,0.8075580509450999
12531,blue,powerlaw,0.687701062242248
12531,red,constant,0.1734870243752936
12531,red,powerlaw,0.18730766420258627
10082,blue,constant,0.8834278788729958
10082,blue,powerlaw,0.6022550346994884
10082,red,constant,0.2781806356244837
10082,red,powerlaw,0.2724757106051466
12587,blue,constant,1.3184404591601044
12587,blue,powerlaw,0.7228040395167666
12587,red,constant,0.6735852435685762
12587,red,powerlaw,0.06186126421172904
2562,blue,constant,0.3332230911533634
2562,blue,powerlaw,0.5326044085957654
2562,red,constant,0.3752417694206679
2562,red,powerlaw,0.33594640990357383
5698,blue,constant,1.1824513244165948
5698,blue,powerlaw,2.1062105147781223
5698,red,constant,0.23574521248057317
5698,red,powerlaw,0.40786197137066654
9176,blue,constant,2.0801060738486488
9176,blue,powerlaw,1.288405446934506
9176,red,constant,0.16847932541124638
9176,red,powerlaw,0.2019407066817739
12079,blue,constant,0.6250513310125936
12079,blue,powerlaw,0.7534648074004456
12079,red,constant,0.28911373232482607
12079,red,powerlaw,0.3968888130922158
1490,blue,constant,3.0922880647911772
1490,blue,powerlaw,3.1594671770476634
1490,red,constant,0.34869960127289884
1490,red,powerlaw,0.3797463194367495
6975,blue,constant,1.3169521157644162
6975,blue,powerlaw,0.9295479305469638
6975,red,constant,0.8163263173926569
6975,red,powerlaw,0.8114849979466167
1985,blue,constant,2.2233607427183024
1985,blue,powerlaw,2.0180323143057524
1985,red,constant,0.44982327601791877
1985,red,powerlaw,0.5152139216350421
6235,blue,constant,1.557439360573355
6235,blue,powerlaw,0.8820636418778047
6235,red,constant,0.259582094496119
6235,red,powerlaw,0.25819951447340306
3164,blue,constant,3.167352295801801
3164,blue,powerlaw,2.5748867732750607
3164,red,constant,0.06489038253523885
3164,red,powerlaw,0.07991685833415056
6097,blue,constant,1.9035925990041098
6097,blue,powerlaw,1.886640365972522
6097,red,constant,0.1876745053756632
6097,red,powerlaw,0.3452571154230962
3380,blue,constant,0.5095970039284333
3380,blue,powerlaw,1.0340014982075556
3380,red,constant,0.3087877071386595
3380,red,powerlaw,0.24937018398597052
1780,blue,constant,0.6686855404446788
1780,blue,powerlaw,0.25364941409345354
1780,red,constant,0.238512175341525
1780,red,powerlaw,0.12237470224139291
12480,blue,constant,1.899577073663666
12480,blue,powerlaw,1.7382952523542985
12480,red,constant,0.23496826457566358
12480,red,powerlaw,0.19579053944344502
8566,blue,constant,0.21603666908323513
8566,blue,powerlaw,0.23958754784248804
8566,red,constant,0.244637952869304
8566,red,powerlaw,0.3136338252495528
12403,blue,constant,1.8490330423606431
12403,blue,powerlaw,1.666681368027522
12403,red,constant,0.45055420346345326
12403,red,powerlaw,0.26879910851817324
9386,blue,constant,1.1935406200460055
9386,blue,powerlaw,1.1594169231078635
9386,red,constant,0.2803172098236175
9386,red,powerlaw,0.218900866232445
11813,blue,constant,1.1536858322208083
11813,blue,powerlaw,1.0386336992602276
11813,red,constant,0.5420523412011805
11813,red,powerlaw,0.46984074292556716
6200,blue,constant,1.8653818307467003
6200,blue,powerlaw,1.8143950376711062
6200,red,constant,0.3204232130005994
6200,red,powerlaw,0.31385327363417553
9866,blue,constant,0.44186461301713564
9866,blue,powerlaw,0.6102888480175976
9866,red,constant,0.1833733285691761
9866,red,powerlaw,0.18651908675702344
1381,blue,constant,0.12751525665754956
1381,blue,powerlaw,0.12133990835228312
1381,red,constant,0.18152600160688612
1381,red,powerlaw,0.2114551273410166
2293,blue,constant,1.0873258456394412
2293,blue,powerlaw,1.2324810820680803
2293,red,constant,0.11996385547225501
2293,red,powerlaw,0.24893729120456928
477,blue,constant,0.780646232709247
477,blue,powerlaw,0.635965951710937
477,red,constant,0.26068003020115504
477,red,powerlaw,0.25624149843250804
5233,blue,constant,2.4565490432538235
5233,blue,powerlaw,1.5985040950231135
5233,red,constant,0.18991569235653047
5233,red,powerlaw,0.25451359754875946
7082,blue,constant,0.5944686052467292
7082,blue,powerlaw,0.6644827319718933
7082,red,constant,0.24133047083425396
7082,red,powerlaw,0.14083318728163527
11610,blue,constant,1.7075320640455989
11610,blue,powerlaw,1.5521023853109124
11610,red,constant,0.4668721896992503
11610,red,powerlaw,0.43523274381856464
3550,blue,constant,3.8533953436214254
3550,blue,powerlaw,3.82745273381658
3550,red,constant,0.48932166642447383
3550,red,powerlaw,0.48112865071143507
4295,blue,constant,0.40224624373927864
4295,blue,powerlaw,0.5059949846204204
4295,red,constant,0.22717841455963916
4295,red,powerlaw,0.18286189547756915
11018,blue,constant,1.1843038702723174
11018,blue,powerlaw,1.1470559746128806
11018,red,constant,0.21445014971888865
11018,red,powerlaw,0.2180356507040111
12672,blue,constant,1.129433684375776
12672,blue,powerlaw,0.8672407906288778
12672,red,constant,0.33568027591365407
12672,red,powerlaw,0.2325602392642916
4275,blue,constant,0.5876261865758717
4275,blue,powerlaw,0.5947182084246667
4275,red,constant,0.10266597059355104
4275,red,powerlaw,0.13294959072360948
12853,blue,constant,1.2731465142321647
12853,blue,powerlaw,1.5308977261148238
12853,red,constant,0.36141393557232127
12853,red,powerlaw,0.22509618913316284
5328,blue,constant,1.1938282864448952
5328,blue,powerlaw,3.826201209722181
5328,red,constant,0.36366381014165744
5328,red,powerlaw,0.18204972907383632
6084,blue,constant,1.0902843354268021
6084,blue,powerlaw,1.053102885573252
6084,red,constant,0.11410430179146995
6084,red,powerlaw,0.20807529545518377
5838,blue,constant,2.1165423249152266
5838,blue,powerlaw,1.929398767420401
5838,red,constant,0.379659200867113
5838,red,powerlaw,0.3937992895040247
3813,blue,constant,0.6735510157601459
3813,blue,powerlaw,1.99696387151953
3813,red,constant,0.34841502153236703
3813,red,powerlaw,0.3950273511895518
8893,blue,constant,1.9122385404428237
8893,blue,powerlaw,1.5059908522153005
8893,red,constant,0.2739780679084982
8893,red,powerlaw,0.3304526909347523
7129,blue,constant,0.681327245402516
7129,blue,powerlaw,0.6683262090447052
7129,red,constant,0.248704942715578
7129,red,powerlaw,0.2623808722190711
1539,blue,constant,0.9648339990334983
1539,blue,powerlaw,0.9041654660096614
1539,red,constant,0.23280494580248842
1539,red,powerlaw,0.20921130498690768
7958,blue,constant,0.36055812109309493
7958,blue,powerlaw,0.46900339602856583
7958,red,constant,0.150627146080963
7958,red,powerlaw,0.15028046898611452
2458,blue,constant,1.372902507869634
2458,blue,powerlaw,1.3079203526248537
2458,red,constant,0.18680073853218981
2458,red,powerlaw,0.1863364373799066
10712,blue,constant,0.49336818388791565
10712,blue,powerlaw,0.6318204644525183
10712,red,constant,1.3679028497026413
10712,red,powerlaw,1.112949127279018
941,blue,constant,0.3617756920244798
941,blue,powerlaw,0.3147710637675377
941,red,constant,0.16932691726932056
941,red,powerlaw,0.24190649694640784
9981,blue,constant,1.478005328249292
9981,blue,powerlaw,1.102768878751906
9981,red,constant,0.18364999006393476
9981,red,powerlaw,0.08927007630760027
11731,blue,constant,4.39686515813323
11731,blue,powerlaw,4.104282471129172
11731,red,constant,0.40567092592028925
11731,red,powerlaw,0.19372426657336758
12295,blue,constant,2.625574537211065
12295,blue,powerlaw,4.023722318683172
12295,red,constant,0.3682357024416258
12295,red,powerlaw,0.11643963496872653
3615,blue,constant,1.159848382003515
3615,blue,powerlaw,1.6186039976781108
3615,red,constant,0.5136068467620415
3615,red,powerlaw,0.6469020267673847
9985,blue,constant,1.2922240597688424
9985,blue,powerlaw,1.2828082869748552
9985,red,constant,0.17679967596018725
9985,red,powerlaw,0.22601602272121013
4651,blue,constant,1.8970535609378394
4651,blue,powerlaw,1.80710285459413
4651,red,constant,0.1522185211496509
4651,red,powerlaw,0.1727026474006981
11618,blue,constant,2.090154533759096
11618,blue,powerlaw,1.5170562196821515
11618,red,constant,0.11518281105295312
11618,red,powerlaw,0.12018175655101375
5757,blue,constant,0.6486850719846894
5757,blue,powerlaw,1.1337729945513104
5757,red,constant,0.21174265575401977
5757,red,powerlaw,0.17956417443847253
3947,blue,constant,3.0800329485092632
3947,blue,powerlaw,2.8191639037222487
3947,red,constant,1.6738175604639263
3947,red,powerlaw,1.5843578567565835
9603,blue,constant,1.4572191266047938
9603,blue,powerlaw,1.15846571018038
9603,red,constant,0.6311630238543053
9603,red,powerlaw,0.9230359329943065
2724,blue,constant,0.40896269509259686
2724,blue,powerlaw,0.7131677919335501
2724,red,constant,0.4149542213141413
2724,red,powerlaw,0.4017140615730949
6139,blue,constant,1.2275289934200053
6139,blue,powerlaw,1.1699742889080107
6139,red,constant,0.31128358744516255
6139,red,powerlaw,0.41592666915558063
11828,blue,constant,0.8603278922117241
11828,blue,powerlaw,0.8246775682075869
11828,red,constant,0.18796129486849839
11828,red,powerlaw,0.06699187198894652
9580,blue,constant,1.5874157800707833
9580,blue,powerlaw,1.7432915935330693
9580,red,constant,0.30902846471243267
9580,red,powerlaw,0.4803631334042492
5416,blue,constant,0.9525114874086849
5416,blue,powerlaw,0.713020953357369
5416,red,constant,0.23662699352484598
5416,red,powerlaw,0.22149482664824055
4588,blue,constant,1.5313014948661499
4588,blue,powerlaw,1.5928007583090822
4588,red,constant,0.3112163493292807
4588,red,powerlaw,0.35688664110799173
12012,blue,constant,1.2327443327180099
12012,blue,powerlaw,1.6342894439963291
12012,red,constant,0.11230976192730081
12012,red,powerlaw,0.11730962213024408
10170,blue,constant,3.1537965527588487
10170,blue,powerlaw,1.272462251269642
10170,red,constant,0.5326545361670363
10170,red,powerlaw,0.4456266492313733
5726,blue,constant,1.285949640843286
5726,blue,powerlaw,1.8122249821287966
5726,red,constant,0.15305456815601248
5726,red,powerlaw,0.35350467125604174
298,blue,constant,1.0069007876910208
298,blue,powerlaw,1.5990548949299392
298,red,constant,0.2883502661461943
298,red,powerlaw,0.3072811784372078
3202,blue,constant,1.098429609024181
3202,blue,powerlaw,0.9888044529716931
3202,red,constant,0.33192892510868766
3202,red,powerlaw,0.36493128820489923
5932,blue,constant,0.8005402115669997
5932,blue,powerlaw,0.6570970365094341
5932,red,constant,0.5279473873298105
5932,red,powerlaw,0.5062911395784578
9384,blue,constant,0.7546913209633433
9384,blue,powerlaw,0.5265228471903473
9384,red,constant,0.560791083253341
9384,red,powerlaw,0.5491606371742419
12132,blue,constant,0.820290074069453
12132,blue,powerlaw,0.5068168793073915
12132,red,constant,0.3269666878856093
12132,red,powerlaw,0.21118569098982617
10777,blue,constant,3.237221128689464
10777,blue,powerlaw,3.2622898692540807
10777,red,constant,0.521908237410256
10777,red,powerlaw,0.5512743194432522
9420,blue,constant,17.38322951534395
9420,blue,powerlaw,16.575972390944436
9420,red,constant,1.1911773084128612
9420,red,powerlaw,1.1415573997711936
231,blue,constant,0.5196324588003178
231,blue,powerlaw,1.059846434739138
231,red,constant,0.12631066718869355
231,red,powerlaw,0.2755815436157774
117,blue,constant,1.4834995658163006
117,blue,powerlaw,1.7542473395480553
117,red,constant,1.6125639972419592
117,red,powerlaw,1.637738634053222
1224,blue,constant,2.4571024250645777
1224,blue,powerlaw,2.324691275691666
1224,red,constant,0.6248771524206753
1224,red,powerlaw,0.9055475092128306
11549,blue,constant,2.42142548807463
11549,blue,powerlaw,3.907500390358655
11549,red,constant,0.4494566331872709
11549,red,powerlaw,0.526813627437021
5000,blue,constant,0.4974274375870975
5000,blue,powerlaw,0.8814324248456367
5000,red,constant,0.4578777067282138
5000,red,powerlaw,0.3999865992904222
10089,blue,constant,1.954522493486782
10089,blue,powerlaw,3.50582027143604
10089,red,constant,0.7813217543117614
10089,red,powerlaw,0.6159657804389077
9471,blue,constant,3.984257486262053
9471,blue,powerlaw,4.674883525499051
9471,red,constant,0.35418897633169405
9471,red,powerlaw,0.507001720676084
9253,blue,constant,2.3352109654969553
9253,blue,powerlaw,0.8241471593926032
9253,red,constant,0.7195417983977348
9253,red,powerlaw,0.7501198066783902
11474,blue,constant,1.1059363394895376
11474,blue,powerlaw,0.9227477736003963
11474,red,constant,0.46950716856019736
11474,red,powerlaw,0.47833549680533977
9008,blue,constant,0.33033032075567875
9008,blue,powerlaw,0.4070554075966877
9008,red,constant,0.3986970638935072
9008,red,powerlaw,0.30759950121873875
2043,blue,constant,0.9032031259183557
2043,blue,powerlaw,1.034212530623741
2043,red,constant,0.6233084719092049
2043,red,powerlaw,0.6210420909871474
9782,blue,constant,1.0577720526483652
9782,blue,powerlaw,0.7935800011212234
9782,red,constant,0.06247677904248132
9782,red,powerlaw,0.14893187450419984
53,blue,constant,0.4564144134894145
53,blue,powerlaw,0.8222515921009443
53,red,constant,0.24954736977118852
53,red,powerlaw,0.1441343409253562
7097,blue,constant,0.9099088081786061
7097,blue,powerlaw,0.4916074166970776
7097,red,constant,0.33715846701480684
7097,red,powerlaw,0.4511928941930852
7205,blue,constant,1.7596163084791023
7205,blue,powerlaw,1.7452146647699882
7205,red,constant,0.18019571427021872
7205,red,powerlaw,0.35901975865160635
1333,blue,constant,1.6187190186855382
1333,blue,powerlaw,1.5835471880454197
1333,red,constant,0.3642861941300315
1333,red,powerlaw,0.2460195222231289
12473,blue,constant,2.4884860315943227
12473,blue,powerlaw,2.581560765341957
12473,red,constant,0.4260514261295044
12473,red,powerlaw,0.09950085906857953
1765,blue,constant,0.66976862538213
1765,blue,powerlaw,0.3281820611549002
1765,red,constant,0.8447011714880402
1765,red,powerlaw,0.9002541304001841
7554,blue,constant,1.195542278162932
7554,blue,powerlaw,0.9969842358820473
7554,red,constant,0.1627438270535593
7554,red,powerlaw,0.15111069763067567
12670,blue,constant,1.8142304716382576
12670,blue,powerlaw,1.9478863309451355
12670,red,constant,0.14769083725234372
12670,red,powerlaw,0.17752712944903717
6126,blue,constant,1.372106492708904
6126,blue,powerlaw,2.3005531908045644
6126,red,constant,0.1300234179344652
6126,red,powerlaw,0.3253455581441908
11784,blue,constant,2.5914023767194014
11784,blue,powerlaw,3.0834687156725864
11784,red,constant,0.18463746937353825
11784,red,powerlaw,0.17241933397399115
1107,blue,constant,3.751132041074152
1107,blue,powerlaw,4.402482674665132
1107,red,constant,0.7733938629753052
1107,red,powerlaw,0.4920392845959217
2573,blue,constant,5.204774269154371
2573,blue,powerlaw,6.392799048394422
2573,red,constant,0.29072527875808346
2573,red,powerlaw,0.3889361596193804
11167,blue,constant,1.382441133069974
11167,blue,powerlaw,1.4987003851417495
11167,red,constant,0.10563953014213408
11167,red,powerlaw,0.05907855769382072
3519,blue,constant,2.7636870247331915
3519,blue,powerlaw,2.736295841452329
3519,red,constant,0.42624933900357836
3519,red,powerlaw,0.42923145907252025
9499,blue,constant,3.9543843532897824
9499,blue,powerlaw,3.093368445925261
9499,red,constant,0.13671132049799892
9499,red,powerlaw,0.14891226075553882
546,blue,constant,2.19708897912124
546,blue,powerlaw,1.7375900532053647
546,red,constant,0.6176433746431745
546,red,powerlaw,0.5851507828778517
6364,blue,constant,1.0712563616999946
6364,blue,powerlaw,0.9611833238054979
6364,red,constant,0.2152501121185597
6364,red,powerlaw,0.067778622686647
9168,blue,constant,2.2008476864589435
9168,blue,powerlaw,1.9311317776450347
9168,red,constant,0.7832715513128863
9168,red,powerlaw,1.0146243283352208
8407,blue,constant,1.9447465025602781
8407,blue,powerlaw,1.8412351016340314
8407,red,constant,0.4598784308017794
8407,red,powerlaw,0.3133760651634635
12704,blue,constant,0.8897154288876583
12704,blue,powerlaw,0.6374398476781598
12704,red,constant,0.7175736773768839
12704,red,powerlaw,0.6168950470966383
10057,blue,constant,1.5706569205127772
10057,blue,powerlaw,1.557309980900046
10057,red,constant,0.5178568647315162
10057,red,powerlaw,0.6356068470311285
4105,blue,constant,1.017659025231867
4105,blue,powerlaw,0.8669365098431026
4105,red,constant,0.663802039218859
4105,red,powerlaw,0.23044686042309995
6888,blue,constant,0.46787001377213067
6888,blue,powerlaw,0.7902276344980529
6888,red,constant,0.5025978260745315
6888,red,powerlaw,0.6298873922910474
11593,blue,constant,7.337370956051052
11593,blue,powerlaw,7.886734742946738
11593,red,constant,0.6630239572996927
11593,red,powerlaw,0.7722940386903793
841,blue,constant,1.4631591375713038
841,blue,powerlaw,1.0984374315672287
841,red,constant,0.6640931041945551
841,red,powerlaw,0.6826935306718415
12724,blue,constant,3.1790085928531173
12724,blue,powerlaw,2.309909034456485
12724,red,constant,0.5363233757264693
12724,red,powerlaw,0.5667221955852826
8444,blue,constant,1.2923992548215186
8444,blue,powerlaw,1.511912217830338
8444,red,constant,0.5547315207974371
8444,red,powerlaw,0.438805477229761
6440,blue,constant,2.0561444546697203
6440,blue,powerlaw,2.256031969634625
6440,red,constant,0.19578517891965347
6440,red,powerlaw,0.2607079155791917
10544,blue,constant,1.532383537207816
10544,blue,powerlaw,1.0312032282432912
10544,red,constant,0.30156806742274916
10544,red,powerlaw,0.34529562627050553
7656,blue,constant,0.8974256125109459
7656,blue,powerlaw,0.9516088408910022
7656,red,constant,0.7139637763277866
7656,red,powerlaw,0.7659014560079381
3517,blue,constant,1.3802767349018
3517,blue,powerlaw,1.5612765515481095
3517,red,constant,0.28038951805244794
3517,red,powerlaw,0.27882687785296467
2190,blue,constant,0.15837508323419586
2190,blue,powerlaw,0.873386883067665
2190,red,constant,0.11363073135591356
2190,red,powerlaw,0.12228469395024955
8323,blue,constant,2.5224258279019374
8323,blue,powerlaw,2.7096057586945563
8323,red,constant,0.22830376136563518
8323,red,powerlaw,0.2328694307042414
2354,blue,constant,1.2365017170435282
2354,blue,powerlaw,0.9718513479800611
2354,red,constant,0.1835397482761575
2354,red,powerlaw,0.30209039520473796
8312,blue,constant,1.6829585585272817
8312,blue,powerlaw,1.5857335157904566
8312,red,constant,0.23336686986080227
8312,red,powerlaw,0.13848920869227213
8982,blue,constant,1.3592097080244816
8982,blue,powerlaw,0.9903186982803672
8982,red,constant,0.7864314330773713
8982,red,powerlaw,0.6019475697290146
5139,blue,constant,1.2920025893619822
5139,blue,powerlaw,1.2872708737353757
5139,red,constant,0.21263604702744063
5139,red,powerlaw,0.18293005005455387
8274,blue,constant,1.8970892329873412
8274,blue,powerlaw,1.544110723614146
8274,red,constant,0.9890650736946479
8274,red,powerlaw,0.7267488175263237
4209,blue,constant,1.2517431015031535
4209,blue,powerlaw,1.5141260225943676
4209,red,constant,0.9983752154873543
4209,red,powerlaw,1.3158686055184443
10188,blue,constant,5.011626993147542
10188,blue,powerlaw,4.94961134260306
10188,red,constant,1.2118550549275546
10188,red,powerlaw,0.7181946462070036
714,blue,constant,1.7532286638623569
714,blue,powerlaw,1.8948241833452262
714,red,constant,0.1459896454061611
714,red,powerlaw,0.14691485290457673
2762,blue,constant,2.1130186161787283
2762,blue,powerlaw,2.069762297436815
2762,red,constant,0.5044716406013914
2762,red,powerlaw,0.5343924124948279
11426,blue,constant,1.0906315535889521
11426,blue,powerlaw,0.9746451091684932
11426,red,constant,0.8042929145720845
11426,red,powerlaw,0.6125993273294996
10760,blue,constant,0.6153007289921048
10760,blue,powerlaw,0.53513280171326
10760,red,constant,0.28730971558891083
10760,red,powerlaw,0.342604705308667
7274,blue,constant,0.3698618833707311
7274,blue,powerlaw,0.3285185749642223
7274,red,constant,0.18274861699176628
7274,red,powerlaw,0.4176231680282809
6902,blue,constant,2.005118117011886
6902,blue,powerlaw,1.869867966234737
6902,red,constant,0.2818283171902323
6902,red,powerlaw,0.26553646783260504
5427,blue,constant,3.3754095152457215
5427,blue,powerlaw,2.522609902341122
5427,red,constant,0.8068098219070218
5427,red,powerlaw,0.8124257547548317
1912,blue,constant,1.2420744121459237
1912,blue,powerlaw,1.3737972338435367
1912,red,constant,0.2564536361753132
1912,red,powerlaw,0.455875587247457
2263,blue,constant,1.322810127914213
2263,blue,powerlaw,1.2348148067460996
2263,red,constant,0.24135629380237764
2263,red,powerlaw,0.33306087275551255
3866,blue,constant,1.1801577938604517
3866,blue,powerlaw,1.2016829859871037
3866,red,constant,0.19708897385621305
3866,red,powerlaw,0.14948960274203532
11841,blue,constant,0.3613508338131508
11841,blue,powerlaw,0.3441889304811432
11841,red,constant,0.0602750051573162
11841,red,powerlaw,0.08416967499419811
711,blue,constant,1.1922936437240532
711,blue,powerlaw,1.494016538343216
711,red,constant,0.16674275333214741
711,red,powerlaw,0.21233494729042687
4334,blue,constant,2.1047510556045395
4334,blue,powerlaw,2.1044534295585717
4334,red,constant,0.29549277543577573
4334,red,powerlaw,0.3249144723643055
4558,blue,constant,0.4628153268693247
4558,blue,powerlaw,0.8615608257376971
4558,red,constant,0.22712561455373928
4558,red,powerlaw,0.3370685879331627
1492,blue,constant,3.946723973798885
1492,blue,powerlaw,4.081987670367982
1492,red,constant,0.3340484529659939
1492,red,powerlaw,0.2634649209379617
3609,blue,constant,3.0381418595404486
3609,blue,powerlaw,3.452731369353007
3609,red,constant,0.5099853177811542
3609,red,powerlaw,0.48682319402681357
10410,blue,constant,1.8409092795335116
10410,blue,powerlaw,2.372851640348769
10410,red,constant,0.28435736888956376
10410,red,powerlaw,0.26752146172810876
3255,blue,constant,1.5980931005558683
3255,blue,powerlaw,1.5522811101081555
3255,red,constant,0.16496539464993265
3255,red,powerlaw,0.1314468002865907
1166,blue,constant,1.694442036951108
1166,blue,powerlaw,2.6970729956287895
1166,red,constant,0.3937780483054816
1166,red,powerlaw,0.321776224842348
7919,blue,constant,1.276708901031282
7919,blue,powerlaw,1.4854176527757754
7919,red,constant,0.4103469411512552
7919,red,powerlaw,0.17354571052189205
7042,blue,constant,1.0111486082173213
7042,blue,powerlaw,0.7639442559246346
7042,red,constant,0.5822703422215187
7042,red,powerlaw,0.690262188777765
3931,blue,constant,0.4417048239788619
3931,blue,powerlaw,0.3512493463149197
3931,red,constant,0.1465036043383837
3931,red,powerlaw,0.0919811087835903
10973,blue,constant,0.9204691178375247
10973,blue,powerlaw,1.1526815754566815
10973,red,constant,0.42816069927072437
10973,red,powerlaw,0.2392413710455996
6000,blue,constant,3.575479566603219
6000,blue,powerlaw,3.163382955860445
6000,red,constant,0.3844575759261122
6000,red,powerlaw,0.801568590310265
2035,blue,constant,1.715517738279764
2035,blue,powerlaw,1.659037937443798
2035,red,constant,0.2858227746101597
2035,red,powerlaw,0.2377873106070434
11651,blue,constant,0.8182670870313631
11651,blue,powerlaw,1.1968249319258761
11651,red,constant,0.3870069669676142
11651,red,powerlaw,0.6448454344920961
440,blue,constant,1.1613111751590195
440,blue,powerlaw,1.0460579902153329
440,red,constant,0.047484033243541265
440,red,powerlaw,0.021349821560020275
2272,blue,constant,0.8826664853620458
2272,blue,powerlaw,1.3477448570282633
2272,red,constant,0.15845236518060246
2272,red,powerlaw,0.11273339416503293
5889,blue,constant,0.7421937176396164
5889,blue,powerlaw,0.5532805248058149
5889,red,constant,0.07221650223558815
5889,red,powerlaw,0.0893174459092523
3447,blue,constant,1.662110854397112
3447,blue,powerlaw,1.6434606786140982
3447,red,constant,0.4050001774901562
3447,red,powerlaw,0.6134472290632517
8710,blue,constant,3.196710315829878
8710,blue,powerlaw,2.9865187235926838
8710,red,constant,0.5276735864318949
8710,red,powerlaw,0.5286164718915658
7767,blue,constant,1.388250180025313
7767,blue,powerlaw,1.5014866599300387
7767,red,constant,0.14386310289087054
7767,red,powerlaw,0.24413559292056955
4600,blue,constant,3.920995091580926
4600,blue,powerlaw,4.061076032621144
4600,red,constant,0.376121391198292
4600,red,powerlaw,0.32784121796372967
9391,blue,constant,1.4106399612589295
9391,blue,powerlaw,1.1000921116047166
9391,red,constant,0.08890093364186293
9391,red,powerlaw,0.21453457960595312
11356,blue,constant,3.773853216040339
11356,blue,powerlaw,2.9961102979683893
11356,red,constant,0.6499387061291666
11356,red,powerlaw,0.6232228792987488
7517,blue,constant,1.4917407367540114
7517,blue,powerlaw,1.5062723621272747
7517,red,constant,0.1788070323021092
7517,red,powerlaw,0.17193836470345109
11636,blue,constant,1.6844394416611839
11636,blue,powerlaw,1.8379744030526084
11636,red,constant,0.5378808766699595
11636,red,powerlaw,0.3970873065930426
