row,targetid,z,side,threshold,old_index,new_index,original_edge_weight_ratio,coverage_lost_observed_aa,original_flux,original_sigma,new_flux,new_sigma
3302,39627823484241692,0.5171755545004725,blue,0.1,104,105,0.037319756141840334,15.171755545004725,1.5737286806106567,1.1181319858606809,0.08599239587783813,0.542148681707337
3302,39627823484241692,0.5171755545004725,red,0.1,515,514,0.05710533940717077,15.171755545004725,1.5723129510879517,0.18645274076776866,1.176492691040039,0.05698054867992403
5285,39627853683233487,0.7363214343127377,blue,0.1,74,75,0.02583118537217387,17.363214343127375,-1.8283698558807373,2.4993521164444434,-1.4909676313400269,1.0295394930425517
5285,39627853683233487,0.7363214343127377,red,0.1,433,433,0.3829681755439547,0.0,1.1618003845214844,0.14138874813214528,1.1618003845214844,0.14138874813214528
7666,39627835563837246,1.367366779854688,blue,0.1,19,20,0.08216223919343765,23.67366779854688,-3.067628860473633,5.097514420224448,3.296278715133667,3.0182945658893927
7666,39627835563837246,1.367366779854688,red,0.1,282,282,0.31802649491884893,0.0,1.7179123163223267,0.3953634785090655,1.7179123163223267,0.3953634785090655
8235,2851358562582529,0.0855089106947394,blue,0.1,199,199,0.22160777365474332,0.0,0.2919236123561859,0.04307233105019286,0.2919236123561859,0.04307233105019286
8235,2851358562582529,0.0855089106947394,red,0.1,772,772,0.48167210229955587,0.0,1.0954877138137817,0.011433448349376147,1.0954877138137817,0.011433448349376147
8357,39627835572224621,0.376357385055546,blue,0.1,129,129,0.14170274619089773,0.0,0.33393624424934387,0.2741629794505751,0.33393624424934387,0.2741629794505751
8357,39627835572224621,0.376357385055546,red,0.1,581,581,0.25174341314328463,0.0,1.0869618654251099,0.06471941491717287,1.0869618654251099,0.06471941491717287
11428,39627853670649454,1.1128310687886696,blue,0.1,37,38,0.018657230074045364,21.128310687886696,15.808206558227539,8.719424037926954,0.010740868747234344,2.901261955749105
11428,39627853670649454,1.1128310687886696,red,0.1,332,332,0.3789537354209339,0.0,1.0588834285736084,0.4043428324196593,1.0588834285736084,0.4043428324196593
