split,side,threshold,run,n,fraction_moved,median_lost_observed_aa,p90_lost_observed_aa,max_lost_observed_aa
test,blue,0.0,1,400,0.0,0.0,0.0,0.0
test,blue,0.05,1,400,0.2725,0.0,19.986447636975516,26.42785337204259
test,blue,0.05,3,400,0.2725,0.0,19.986447636975516,26.42785337204259
test,blue,0.05,5,400,0.2725,0.0,19.986447636975516,26.42785337204259
test,blue,0.1,1,400,0.545,11.666117767795901,23.256505972584762,26.42785337204259
test,blue,0.1,3,400,0.545,11.666117767795901,23.256505972584762,26.42785337204259
test,blue,0.1,5,400,0.545,11.666117767795901,23.256505972584762,26.42785337204259
test,blue,0.2,1,400,0.915,22.401330195046814,45.70524184548382,73.74758776963472
test,blue,0.2,3,400,0.915,22.401330195046814,45.70524184548382,73.74758776963472
test,blue,0.2,5,400,0.915,22.401330195046814,45.70524184548382,73.74758776963472
test,red,0.0,1,400,0.0,0.0,0.0,0.0
test,red,0.05,1,400,0.01,0.0,0.0,24.899463805718447
test,red,0.05,3,400,0.01,0.0,0.0,24.899463805718447
test,red,0.05,5,400,0.01,0.0,0.0,24.899463805718447
test,red,0.1,1,400,0.035,0.0,0.0,24.899463805718447
test,red,0.1,3,400,0.035,0.0,0.0,24.899463805718447
test,red,0.1,5,400,0.035,0.0,0.0,24.899463805718447
test,red,0.2,1,400,0.19,0.0,20.012165917261854,26.42785337204259
test,red,0.2,3,400,0.2025,0.0,21.32636799037602,43.73717616641217
test,red,0.2,5,400,0.205,0.0,21.384137524061273,43.73717616641217
validation,blue,0.0,1,400,0.0,0.0,0.0,0.0
validation,blue,0.05,1,400,0.28,0.0,21.3977674324876,25.815160685539794
validation,blue,0.05,3,400,0.28,0.0,21.3977674324876,25.815160685539794
validation,blue,0.05,5,400,0.28,0.0,21.3977674324876,25.815160685539794
validation,blue,0.1,1,400,0.5225,11.790054532322738,23.307883133372794,26.097066645561966
validation,blue,0.1,3,400,0.5225,11.790054532322738,23.307883133372794,26.097066645561966
validation,blue,0.1,5,400,0.5225,11.790054532322738,23.307883133372794,26.097066645561966
validation,blue,0.2,1,400,0.89,20.828008507835406,46.02800141414549,65.49436801744491
validation,blue,0.2,3,400,0.89,20.828008507835406,46.02800141414549,130.98873603488983
validation,blue,0.2,5,400,0.89,20.828008507835406,46.324781464639045,130.98873603488983
validation,red,0.0,1,400,0.0,0.0,0.0,0.0
validation,red,0.05,1,400,0.02,0.0,0.0,24.466800488076448
validation,red,0.05,3,400,0.02,0.0,0.0,24.466800488076448
validation,red,0.05,5,400,0.02,0.0,0.0,24.466800488076448
validation,red,0.1,1,400,0.04,0.0,0.0,26.514958644886878
validation,red,0.1,3,400,0.04,0.0,0.0,26.514958644886878
validation,red,0.1,5,400,0.04,0.0,0.0,26.514958644886878
validation,red,0.2,1,400,0.1425,0.0,18.74058993695995,37.34922053532131
validation,red,0.2,3,400,0.16,0.0,19.662308543078186,37.34922053532131
validation,red,0.2,5,400,0.16,0.0,19.662308543078186,37.34922053532131
