z_min,z_max,n,method,median_error,median_bootstrap_low,median_bootstrap_high
0.0,0.6,11,constant,0.0759245082736015,0.0317617580294609,0.142531082034111
0.0,0.6,11,powerlaw,0.0544600944667772,0.0241570405143494,0.1293625716809129
0.0,0.6,11,regularized,0.1417207902635662,0.0495143469754818,0.1865162513199167
0.6,0.9,24,constant,0.0621931161731481,0.0263107102364301,0.09030438214540475
0.6,0.9,24,powerlaw,0.09304233777299664,0.0586772435663176,0.1453889368440985
0.6,0.9,24,regularized,0.10028954443598405,0.0542826396196267,0.152579189894268
0.9,1.2,37,constant,0.0886200368404388,0.0522105656564235,0.131303459405899
0.9,1.2,37,powerlaw,0.1530464262072051,0.1172069585403733,0.1737367317879434
0.9,1.2,37,regularized,0.1577461600607751,0.1007507972043225,0.1953342059538789
1.2,2.0,28,constant,0.10955005139112464,0.0717796646058559,0.16285966336727142
1.2,2.0,28,powerlaw,0.12791897658930296,0.08794707378163225,0.24844389992850358
1.2,2.0,28,regularized,0.1405212513062964,0.09090544501195061,0.2729165672854714
