row,method,width,z,true_mean,mean_sigma,mean_error,negative_bins,min_prediction
5705,selected_constant,100,0.9010706462895066,1.0670387,0.03117806975231913,0.10540623962879181,0,1.1795111894607544
5705,selected_powerlaw,800,0.9010706462895066,1.0670387,0.03117806975231913,0.15732154208788204,0,1.1827232394165017
5705,selected_local_quadratic,800,0.9010706462895066,1.0670387,0.03117806975231913,0.1323242843400548,0,1.182058446385612
5705,fixed_constant_100,100,0.9010706462895066,1.0670387,0.03117806975231913,0.10540623962879181,0,1.1795111894607544
5705,fixed_powerlaw_500,500,0.9010706462895066,1.0670387,0.03117806975231913,0.1978361867792873,0,1.2075511790998283
12271,selected_constant,100,0.7573463246738268,1.1852328,0.01200151575589113,0.026310710236430168,0,1.1540484428405762
12271,selected_powerlaw,200,0.7573463246738268,1.1852328,0.01200151575589113,0.03660632497472035,0,1.1384387211749738
12271,selected_local_quadratic,800,0.7573463246738268,1.1852328,0.01200151575589113,0.09460291961815451,0,0.9987937627237221
12271,fixed_constant_100,100,0.7573463246738268,1.1852328,0.01200151575589113,0.026310710236430168,0,1.1540484428405762
12271,fixed_powerlaw_500,500,0.7573463246738268,1.1852328,0.01200151575589113,0.04539946662114894,0,1.1186789000611166
8741,selected_constant,800,0.9077391196565556,0.9577081,0.04563285077206692,0.1436176598072052,0,1.0952519178390503
8741,selected_powerlaw,500,0.9077391196565556,0.9577081,0.04563285077206692,0.09951911323485638,0,0.7948412888768054
8741,selected_local_quadratic,800,0.9077391196565556,0.9577081,0.04563285077206692,0.15517493534990068,0,0.6994265027105812
8741,fixed_constant_100,100,0.9077391196565556,0.9577081,0.04563285077206692,0.08862003684043884,0,0.8728358745574951
8741,fixed_powerlaw_500,500,0.9077391196565556,0.9577081,0.04563285077206692,0.09951911323485638,0,0.7948412888768054
6078,selected_constant,100,1.1066414593316012,0.9865091,0.02127976981498241,0.06860917806625366,0,1.0541926622390747
6078,selected_powerlaw,800,1.1066414593316012,0.9865091,0.02127976981498241,0.15310876700678494,0,1.0921635460601842
6078,selected_local_quadratic,500,1.1066414593316012,0.9865091,0.02127976981498241,0.030007656098469573,0,0.9928700460031001
6078,fixed_constant_100,100,1.1066414593316012,0.9865091,0.02127976981498241,0.06860917806625366,0,1.0541926622390747
6078,fixed_powerlaw_500,500,1.1066414593316012,0.9865091,0.02127976981498241,0.06867359451047039,0,1.0436736463266405
5856,selected_constant,100,1.6065350800108236,0.94078195,0.0537258938729237,0.23019859194755554,0,1.1573487520217896
5856,selected_powerlaw,800,1.6065350800108236,0.94078195,0.0537258938729237,0.045895116331521005,0,0.9186717840950868
5856,selected_local_quadratic,800,1.6065350800108236,0.94078195,0.0537258938729237,0.14050384087347015,0,1.0663796364033902
5856,fixed_constant_100,100,1.6065350800108236,0.94078195,0.0537258938729237,0.23019859194755554,0,1.1573487520217896
5856,fixed_powerlaw_500,500,1.6065350800108236,0.94078195,0.0537258938729237,0.12926719030594527,0,1.0384374416196684
10134,selected_constant,500,0.3267307036062099,0.6919742,0.055748399235761234,0.42947548627853394,0,0.9891600608825684
10134,selected_powerlaw,800,0.3267307036062099,0.6919742,0.055748399235761234,0.3967204917119027,0,0.9607703531895619
10134,selected_local_quadratic,800,0.3267307036062099,0.6919742,0.055748399235761234,0.5647690627897555,0,1.0383479456130222
10134,fixed_constant_100,100,0.3267307036062099,0.6919742,0.055748399235761234,0.5019034743309021,0,1.0392783880233765
10134,fixed_powerlaw_500,500,0.3267307036062099,0.6919742,0.055748399235761234,0.7578179272952815,0,1.0857219401609064
2010,selected_constant,100,0.7521192243988007,1.2522631,0.012996797508962838,0.10062567889690399,0,1.1262532472610474
2010,selected_powerlaw,200,0.7521192243988007,1.2522631,0.012996797508962838,0.20117004977379635,0,0.8608802158266741
2010,selected_local_quadratic,300,0.7521192243988007,1.2522631,0.012996797508962838,0.16435262461842817,0,0.9459975533204753
2010,fixed_constant_100,100,0.7521192243988007,1.2522631,0.012996797508962838,0.10062567889690399,0,1.1262532472610474
2010,fixed_powerlaw_500,500,0.7521192243988007,1.2522631,0.012996797508962838,0.08016386584544263,0,1.1433634249811386
4247,selected_constant,800,0.6997123515721189,0.72688633,0.05279970950339741,0.23928742110729218,0,0.9008211493492126
4247,selected_powerlaw,800,0.6997123515721189,0.72688633,0.05279970950339741,0.1329172971892588,0,0.7905789182471311
4247,selected_local_quadratic,800,0.6997123515721189,0.72688633,0.05279970950339741,0.16876444400670884,0,0.34286765192029284
4247,fixed_constant_100,100,0.6997123515721189,0.72688633,0.05279970950339741,0.19111868739128113,0,0.8658079504966736
4247,fixed_powerlaw_500,500,0.6997123515721189,0.72688633,0.05279970950339741,0.12366814419144198,0,0.7741008005822824
2149,selected_constant,100,0.3719457872085278,1.1522058,0.007305698829441079,0.07592450827360153,0,1.2396864891052246
2149,selected_powerlaw,800,0.3719457872085278,1.1522058,0.007305698829441079,0.0123597296112426,0,1.1361536749737193
2149,selected_local_quadratic,300,0.3719457872085278,1.1522058,0.007305698829441079,0.5292354769469286,0,1.308714143502803
2149,fixed_constant_100,100,0.3719457872085278,1.1522058,0.007305698829441079,0.07592450827360153,0,1.2396864891052246
2149,fixed_powerlaw_500,500,0.3719457872085278,1.1522058,0.007305698829441079,0.024157040514349477,0,1.1560385551757477
9316,selected_constant,200,0.8894672862503489,1.2103305,0.023218007235538594,0.05098016560077667,0,1.2720333337783813
9316,selected_powerlaw,500,0.8894672862503489,1.2103305,0.023218007235538594,0.2837571951445514,0,1.3827333329329907
9316,selected_local_quadratic,800,0.8894672862503489,1.2103305,0.023218007235538594,0.12443749271886148,0,1.3078898411137965
9316,fixed_constant_100,100,0.8894672862503489,1.2103305,0.023218007235538594,0.06773562729358673,0,1.2923128604888916
9316,fixed_powerlaw_500,500,0.8894672862503489,1.2103305,0.023218007235538594,0.2837571951445514,0,1.3827333329329907
2371,selected_constant,500,0.2308481996266203,1.2151474,0.010544743202335014,0.060397934168577194,0,1.1417549848556519
2371,selected_powerlaw,800,0.2308481996266203,1.2151474,0.010544743202335014,0.10949699700039517,0,1.0381397572941207
2371,selected_local_quadratic,800,0.2308481996266203,1.2151474,0.010544743202335014,0.15723504685454232,0,0.9093646115863967
2371,fixed_constant_100,100,0.2308481996266203,1.2151474,0.010544743202335014,0.07192647457122803,0,1.1277461051940918
2371,fixed_powerlaw_500,500,0.2308481996266203,1.2151474,0.010544743202335014,0.09676738010189026,0,1.062786541663654
6483,selected_constant,300,0.9420563748611144,1.0671363,0.027851645592483276,0.12451685965061188,0,0.9342598915100098
6483,selected_powerlaw,500,0.9420563748611144,1.0671363,0.027851645592483276,0.18899091113156807,0,0.8228417767122931
6483,selected_local_quadratic,800,0.9420563748611144,1.0671363,0.027851645592483276,0.22633270974177158,0,0.7357874025487369
6483,fixed_constant_100,100,0.9420563748611144,1.0671363,0.027851645592483276,0.11826508492231369,0,0.9409313797950745
6483,fixed_powerlaw_500,500,0.9420563748611144,1.0671363,0.027851645592483276,0.18899091113156807,0,0.8228417767122931
5618,selected_constant,100,0.8463112925830477,1.1013032,0.07398115686270891,0.14512576162815094,0,1.2611308097839355
5618,selected_powerlaw,500,0.8463112925830477,1.1013032,0.07398115686270891,0.32706407059129544,0,0.6541164238608929
5618,selected_local_quadratic,800,0.8463112925830477,1.1013032,0.07398115686270891,0.6744163232586938,0,1.2658404298953008
5618,fixed_constant_100,100,0.8463112925830477,1.1013032,0.07398115686270891,0.14512576162815094,0,1.2611308097839355
5618,fixed_powerlaw_500,500,0.8463112925830477,1.1013032,0.07398115686270891,0.32706407059129544,0,0.6541164238608929
10694,selected_constant,100,0.969576881949675,1.3109336,0.01501230075887097,0.021151764318346977,0,1.2832050323486328
10694,selected_powerlaw,800,0.969576881949675,1.3109336,0.01501230075887097,0.2021734711442783,0,1.373560657669378
10694,selected_local_quadratic,500,0.969576881949675,1.3109336,0.01501230075887097,0.2050632199326479,0,1.372031570865502
10694,fixed_constant_100,100,0.969576881949675,1.3109336,0.01501230075887097,0.021151764318346977,0,1.2832050323486328
10694,fixed_powerlaw_500,500,0.969576881949675,1.3109336,0.01501230075887097,0.12797190343743603,0,1.3235489564741414
4830,selected_constant,200,1.5742099931119593,0.72787505,0.09826203358424049,0.22567538917064667,0,0.5636115074157715
4830,selected_powerlaw,800,1.5742099931119593,0.72787505,0.09826203358424049,0.3374684738291664,0,0.3847938365211551
4830,selected_local_quadratic,800,1.5742099931119593,0.72787505,0.09826203358424049,0.26876775974691053,0,0.4237568645952139
4830,fixed_constant_100,100,1.5742099931119593,0.72787505,0.09826203358424049,0.05087319016456604,0,0.6908456683158875
4830,fixed_powerlaw_500,500,1.5742099931119593,0.72787505,0.09826203358424049,0.2553976523952852,0,0.4518849136004484
9050,selected_constant,100,1.1111328439316766,1.0078094,0.023232625123194656,0.08568167686462402,0,1.0941601991653442
9050,selected_powerlaw,500,1.1111328439316766,1.0078094,0.023232625123194656,0.13679299450360177,0,1.125865190664696
9050,selected_local_quadratic,800,1.1111328439316766,1.0078094,0.023232625123194656,0.08163002711360615,0,1.0607984197143385
9050,fixed_constant_100,100,1.1111328439316766,1.0078094,0.023232625123194656,0.08568167686462402,0,1.0941601991653442
9050,fixed_powerlaw_500,500,1.1111328439316766,1.0078094,0.023232625123194656,0.13679299450360177,0,1.125865190664696
13059,selected_constant,100,0.1091917098663344,0.52897435,0.033418940540759653,0.08660140633583069,0,0.5747843384742737
13059,selected_powerlaw,800,0.1091917098663344,0.52897435,0.033418940540759653,0.020255714875036444,0,0.4702023456555377
13059,selected_local_quadratic,800,0.1091917098663344,0.52897435,0.033418940540759653,1.110466758823918,47,-0.7730050589254402
13059,fixed_constant_100,100,0.1091917098663344,0.52897435,0.033418940540759653,0.08660140633583069,0,0.5747843384742737
13059,fixed_powerlaw_500,500,0.1091917098663344,0.52897435,0.033418940540759653,0.12936257168091295,0,0.3474674006450195
2614,selected_constant,500,1.3199379450084976,0.94746464,0.04707306677580233,0.02941603772342205,0,0.9753352999687195
2614,selected_powerlaw,800,1.3199379450084976,0.94746464,0.04707306677580233,0.053215039581765544,0,0.9951266953126097
2614,selected_local_quadratic,500,1.3199379450084976,0.94746464,0.04707306677580233,0.7817687175671387,0,1.30156903372717
2614,fixed_constant_100,100,1.3199379450084976,0.94746464,0.04707306677580233,0.17812451720237732,0,1.1162313222885132
2614,fixed_powerlaw_500,500,1.3199379450084976,0.94746464,0.04707306677580233,0.30480206341793215,0,1.1405323525822768
11547,selected_constant,100,1.4122976670342766,0.95838046,0.04761560772062215,0.10121229290962219,0,1.0553802251815796
11547,selected_powerlaw,300,1.4122976670342766,0.95838046,0.04761560772062215,0.19323475619625108,0,1.070745965140237
11547,selected_local_quadratic,800,1.4122976670342766,0.95838046,0.04761560772062215,0.2775615354397773,0,1.1023616236249725
11547,fixed_constant_100,100,1.4122976670342766,0.95838046,0.04761560772062215,0.10121229290962219,0,1.0553802251815796
11547,fixed_powerlaw_500,500,1.4122976670342766,0.95838046,0.04761560772062215,0.10892300914606809,0,1.031514002178569
12610,selected_constant,300,0.1611857704950963,0.67400646,0.007474160911659127,0.0933138057589531,0,0.7369006276130676
12610,selected_powerlaw,800,0.1611857704950963,0.67400646,0.007474160911659127,0.06111792742145724,0,0.69070208504125
12610,selected_local_quadratic,800,0.1611857704950963,0.67400646,0.007474160911659127,0.05944835777999056,0,0.6893828219292706
12610,fixed_constant_100,100,0.1611857704950963,0.67400646,0.007474160911659127,0.08982086181640625,0,0.7345463037490845
12610,fixed_powerlaw_500,500,0.1611857704950963,0.67400646,0.007474160911659127,0.048126457878575085,0,0.6753892920516031
2954,selected_constant,200,0.08748718087164,0.54715353,0.009279602551534639,0.0923248901963234,0,0.5976694226264954
2954,selected_powerlaw,800,0.08748718087164,0.54715353,0.009279602551534639,0.04071811038920849,0,0.4624003310141111
2954,selected_local_quadratic,800,0.08748718087164,0.54715353,0.009279602551534639,0.00610655660573459,0,0.49589882072950026
2954,fixed_constant_100,100,0.08748718087164,0.54715353,0.009279602551534639,0.03711847960948944,0,0.5674629807472229
2954,fixed_powerlaw_500,500,0.08748718087164,0.54715353,0.009279602551534639,0.039732038323081795,0,0.4638196248684666
12021,selected_constant,300,1.4598801742731555,1.2343174,0.07685733389880886,0.37298527359962463,0,0.7739352583885193
12021,selected_powerlaw,500,1.4598801742731555,1.2343174,0.07685733389880886,0.3848874451237915,0,0.6781103686166179
12021,selected_local_quadratic,800,1.4598801742731555,1.2343174,0.07685733389880886,0.36066842079366535,0,0.7073096897782685
12021,fixed_constant_100,100,1.4598801742731555,1.2343174,0.07685733389880886,0.3816380798816681,0,0.7632548809051514
12021,fixed_powerlaw_500,500,1.4598801742731555,1.2343174,0.07685733389880886,0.3848874451237915,0,0.6781103686166179
11626,selected_constant,300,1.3557217775920387,1.1435546,0.03846712889750923,0.22262249886989594,0,0.8889735341072083
11626,selected_powerlaw,800,1.3557217775920387,1.1435546,0.03846712889750923,0.224981601431187,0,0.8804169751354599
11626,selected_local_quadratic,800,1.3557217775920387,1.1435546,0.03846712889750923,0.004144582102501392,0,1.0046463173737408
11626,fixed_constant_100,100,1.3557217775920387,1.1435546,0.03846712889750923,0.1571177989244461,0,0.9638818502426147
11626,fixed_powerlaw_500,500,1.3557217775920387,1.1435546,0.03846712889750923,0.0709714041303868,0,0.980407600359968
1663,selected_constant,100,1.1588806775354,1.0077261,0.04398067403119476,0.16449284553527832,0,0.8419622778892517
1663,selected_powerlaw,200,1.1588806775354,1.0077261,0.04398067403119476,0.4195235643281622,0,0.3445474037363376
1663,selected_local_quadratic,800,1.1588806775354,1.0077261,0.04398067403119476,0.4985647691250334,0,0.019826930001651255
1663,fixed_constant_100,100,1.1588806775354,1.0077261,0.04398067403119476,0.16449284553527832,0,0.8419622778892517
1663,fixed_powerlaw_500,500,1.1588806775354,1.0077261,0.04398067403119476,0.07074305966160749,0,0.8787250756856843
2097,selected_constant,300,1.410232110592226,1.0101329,0.07533388370986398,0.028217138722538948,0,1.0386359691619873
2097,selected_powerlaw,800,1.410232110592226,1.0101329,0.07533388370986398,0.059703123923327286,0,0.9181080860086683
2097,selected_local_quadratic,800,1.410232110592226,1.0101329,0.07533388370986398,0.23076249101366028,0,1.1340566051709167
2097,fixed_constant_100,100,1.410232110592226,1.0101329,0.07533388370986398,0.10322331637144089,0,1.1144022941589355
2097,fixed_powerlaw_500,500,1.410232110592226,1.0101329,0.07533388370986398,0.10710274906928706,0,1.0811529470592232
10907,selected_constant,800,1.1763457803490371,1.0063314,0.0519808666180994,0.09759918600320816,0,1.1045485734939575
10907,selected_powerlaw,300,1.1763457803490371,1.0063314,0.0519808666180994,0.09326796234472338,0,0.7513062529748865
10907,selected_local_quadratic,800,1.1763457803490371,1.0063314,0.0519808666180994,0.11561246335456257,0,0.6243074081802481
10907,fixed_constant_100,100,1.1763457803490371,1.0063314,0.0519808666180994,0.09916344285011292,0,1.1061227321624756
10907,fixed_powerlaw_500,500,1.1763457803490371,1.0063314,0.0519808666180994,0.2888465500832642,0,1.2385649901543172
10376,selected_constant,100,0.9599136024266572,1.2804024,0.01850029351833777,0.029780851677060127,0,1.3185337781906128
10376,selected_powerlaw,200,0.9599136024266572,1.2804024,0.01850029351833777,0.306322345874784,0,1.4011636508583318
10376,selected_local_quadratic,800,0.9599136024266572,1.2804024,0.01850029351833777,0.25998536512750753,0,1.3852379897165779
10376,fixed_constant_100,100,0.9599136024266572,1.2804024,0.01850029351833777,0.029780851677060127,0,1.3185337781906128
10376,fixed_powerlaw_500,500,0.9599136024266572,1.2804024,0.01850029351833777,0.1693894258540162,0,1.3353874197232496
2471,selected_constant,100,0.6400707610566108,1.1995946,0.008747120848410532,0.01873818226158619,0,1.1771162748336792
2471,selected_powerlaw,500,0.6400707610566108,1.1995946,0.008747120848410532,0.05867724356631766,0,1.2075998257862748
2471,selected_local_quadratic,800,0.6400707610566108,1.1995946,0.008747120848410532,0.09446354658914277,0,1.2191415593762054
2471,fixed_constant_100,100,0.6400707610566108,1.1995946,0.008747120848410532,0.01873818226158619,0,1.1771162748336792
2471,fixed_powerlaw_500,500,0.6400707610566108,1.1995946,0.008747120848410532,0.05867724356631766,0,1.2075998257862748
9894,selected_constant,100,0.9757643441405128,0.89961493,0.057382869898956634,0.04473613575100899,0,0.859369695186615
9894,selected_powerlaw,800,0.9757643441405128,0.89961493,0.057382869898956634,0.05099227806057204,0,0.7739531528208082
9894,selected_local_quadratic,500,0.9757643441405128,0.89961493,0.057382869898956634,0.7030052037173141,16,-0.44341317468288843
9894,fixed_constant_100,100,0.9757643441405128,0.89961493,0.057382869898956634,0.04473613575100899,0,0.859369695186615
9894,fixed_powerlaw_500,500,0.9757643441405128,0.89961493,0.057382869898956634,0.18416423609245888,0,0.6123893737906485
1826,selected_constant,200,1.2550536193928197,1.0112947,0.04538969707095788,0.055515535175800323,0,1.0674371719360352
1826,selected_powerlaw,500,1.2550536193928197,1.0112947,0.04538969707095788,0.3111026561199216,0,1.1859700060426528
1826,selected_local_quadratic,800,1.2550536193928197,1.0112947,0.04538969707095788,0.4005540884787577,0,1.222509450404974
1826,fixed_constant_100,100,1.2550536193928197,1.0112947,0.04538969707095788,0.12309009581804276,0,1.135775089263916
1826,fixed_powerlaw_500,500,1.2550536193928197,1.0112947,0.04538969707095788,0.3111026561199216,0,1.1859700060426528
3130,selected_constant,100,1.2994269579472322,1.0684936,0.06093147992738863,0.10189353674650192,0,0.959621012210846
3130,selected_powerlaw,300,1.2994269579472322,1.0684936,0.06093147992738863,0.010088829916834158,0,1.0126727525327623
3130,selected_local_quadratic,800,1.2994269579472322,1.0684936,0.06093147992738863,0.13762512656006004,0,1.060365963196131
3130,fixed_constant_100,100,1.2994269579472322,1.0684936,0.06093147992738863,0.10189353674650192,0,0.959621012210846
3130,fixed_powerlaw_500,500,1.2994269579472322,1.0684936,0.06093147992738863,0.092302984626247,0,0.9484089794361517
7211,selected_constant,100,1.0293090982372708,1.0550082,0.015529240488941857,0.002422924153506756,0,1.0524519681930542
7211,selected_powerlaw,800,1.0293090982372708,1.0550082,0.015529240488941857,0.10365265851361911,0,1.1152124375297299
7211,selected_local_quadratic,800,1.0293090982372708,1.0550082,0.015529240488941857,0.03607317223711436,0,0.9771576423316327
7211,fixed_constant_100,100,1.0293090982372708,1.0550082,0.015529240488941857,0.002422924153506756,0,1.0524519681930542
7211,fixed_powerlaw_500,500,1.0293090982372708,1.0550082,0.015529240488941857,0.010210822722472722,0,1.0589525236523665
9142,selected_constant,100,0.7286483659648816,1.2090867,0.012243075494843212,0.10997575521469116,0,1.0761164426803589
9142,selected_powerlaw,300,0.7286483659648816,1.2090867,0.012243075494843212,0.2308181954604967,0,0.78668524395895
9142,selected_local_quadratic,800,0.7286483659648816,1.2090867,0.012243075494843212,0.24462589372609486,0,0.7083024111850438
9142,fixed_constant_100,100,0.7286483659648816,1.2090867,0.012243075494843212,0.10997575521469116,0,1.0761164426803589
9142,fixed_powerlaw_500,500,0.7286483659648816,1.2090867,0.012243075494843212,0.14538893684409854,0,0.961408881705303
6834,selected_constant,500,1.139020693558488,1.1987667,0.36910388998073485,0.25149407982826233,0,0.8972839117050171
6834,selected_powerlaw,300,1.139020693558488,1.1987667,0.36910388998073485,1.1800030068867409,0,1.8311417180524978
6834,selected_local_quadratic,800,1.139020693558488,1.1987667,0.36910388998073485,1.4416767445936691,0,1.9850423696075132
6834,fixed_constant_100,100,1.139020693558488,1.1987667,0.36910388998073485,0.5039980411529541,0,1.8029426336288452
6834,fixed_powerlaw_500,500,1.139020693558488,1.1987667,0.36910388998073485,1.1507425796245832,0,1.8486362665125793
7090,selected_constant,100,0.8998836003495644,0.9993819,0.016812990091086406,0.05665060505270958,0,0.9427663683891296
7090,selected_powerlaw,200,0.8998836003495644,0.9993819,0.016812990091086406,0.2371945405370045,0,0.604859802701902
7090,selected_local_quadratic,800,0.8998836003495644,0.9993819,0.016812990091086406,0.17933267329612462,0,0.6826377027750621
7090,fixed_constant_100,100,0.8998836003495644,0.9993819,0.016812990091086406,0.05665060505270958,0,0.9427663683891296
7090,fixed_powerlaw_500,500,0.8998836003495644,0.9993819,0.016812990091086406,0.08959825707013121,0,0.8698516534385439
3767,selected_constant,100,0.9522972578171304,1.3108444,0.013564346638760582,0.036999914795160294,0,1.2623432874679565
3767,selected_powerlaw,200,0.9522972578171304,1.3108444,0.013564346638760582,0.0858171404244577,0,1.3112364632102984
3767,selected_local_quadratic,500,0.9522972578171304,1.3108444,0.013564346638760582,0.16234783413376402,0,1.3410766379360033
3767,fixed_constant_100,100,0.9522972578171304,1.3108444,0.013564346638760582,0.036999914795160294,0,1.2623432874679565
3767,fixed_powerlaw_500,500,0.9522972578171304,1.3108444,0.013564346638760582,0.1126383839469499,0,1.3110513488606999
11805,selected_constant,100,0.6413339138962116,1.1902447,0.01001521433861351,0.031682319939136505,0,1.1525349617004395
11805,selected_powerlaw,500,0.6413339138962116,1.1902447,0.01001521433861351,0.03487987509122917,0,1.1815894422809716
11805,selected_local_quadratic,800,0.6413339138962116,1.1902447,0.01001521433861351,0.11827070266859137,0,1.2104544469012737
11805,fixed_constant_100,100,0.6413339138962116,1.1902447,0.01001521433861351,0.031682319939136505,0,1.1525349617004395
11805,fixed_powerlaw_500,500,0.6413339138962116,1.1902447,0.01001521433861351,0.03487987509122917,0,1.1815894422809716
10207,selected_constant,200,0.2101609717681302,0.6048705,0.02238256621006753,0.09455616027116776,0,0.662064790725708
10207,selected_powerlaw,200,0.2101609717681302,0.6048705,0.02238256621006753,0.2785912095019133,0,0.2669783753714719
10207,selected_local_quadratic,800,0.2101609717681302,0.6048705,0.02238256621006753,0.5293602798863755,16,-0.1703631041211593
10207,fixed_constant_100,100,0.2101609717681302,0.6048705,0.02238256621006753,0.014348579570651054,0,0.5961914658546448
10207,fixed_powerlaw_500,500,0.2101609717681302,0.6048705,0.02238256621006753,0.023943783689239554,0,0.49804056365403704
8367,selected_constant,500,0.6943668100425632,0.92231125,0.022467996401708098,0.41404908895492554,0,1.304193377494812
8367,selected_powerlaw,800,0.6943668100425632,0.92231125,0.022467996401708098,0.011462085780166484,0,0.9030807528602374
8367,selected_local_quadratic,800,0.6943668100425632,0.92231125,0.022467996401708098,0.11398100787759732,0,0.6780268023810518
8367,fixed_constant_100,100,0.6943668100425632,0.92231125,0.022467996401708098,0.0003986088850069791,0,0.9226788878440857
8367,fixed_powerlaw_500,500,0.6943668100425632,0.92231125,0.022467996401708098,0.10633685420261044,0,0.7199100378583111
10027,selected_constant,500,1.0312265519822086,0.9087143,0.04255179476232331,0.0879533439874649,0,0.9886388778686523
10027,selected_powerlaw,800,1.0312265519822086,0.9087143,0.04255179476232331,0.04005609170793112,0,0.9219742258847894
10027,selected_local_quadratic,500,1.0312265519822086,0.9087143,0.04255179476232331,0.3763735290505883,0,1.0368788544680678
10027,fixed_constant_100,100,1.0312265519822086,0.9087143,0.04255179476232331,0.0616932138800621,0,0.9647758603096008
10027,fixed_powerlaw_500,500,1.0312265519822086,0.9087143,0.04255179476232331,0.09028030070580645,0,0.7456421982914708
1198,selected_constant,500,1.2600984834443136,0.95256656,0.08918639891423365,0.010211736895143986,0,0.9622939825057983
1198,selected_powerlaw,800,1.2600984834443136,0.95256656,0.08918639891423365,0.01201991188447992,0,0.9074652067350668
1198,selected_local_quadratic,500,1.2600984834443136,0.95256656,0.08918639891423365,0.24040576902812408,0,1.1178152535278945
1198,fixed_constant_100,100,1.2600984834443136,0.95256656,0.08918639891423365,0.11587678641080856,0,1.0629467964172363
1198,fixed_powerlaw_500,500,1.2600984834443136,0.95256656,0.08918639891423365,0.24149014746172198,0,1.115364593063209
10995,selected_constant,100,0.3222977257236356,1.1475639,0.003501125272910122,0.021010207012295723,0,1.1234532594680786
10995,selected_powerlaw,300,0.3222977257236356,1.1475639,0.003501125272910122,0.037111830335416554,0,1.081469303358643
10995,selected_local_quadratic,800,0.3222977257236356,1.1475639,0.003501125272910122,0.06399768847845315,0,1.010294089282367
10995,fixed_constant_100,100,0.3222977257236356,1.1475639,0.003501125272910122,0.021010207012295723,0,1.1234532594680786
10995,fixed_powerlaw_500,500,0.3222977257236356,1.1475639,0.003501125272910122,0.008876842580342622,0,1.1323956406856621
7120,selected_constant,100,0.8099991799392746,1.1129438,0.02021500591986331,0.06871332973241806,0,1.1894177198410034
7120,selected_powerlaw,100,0.8099991799392746,1.1129438,0.02021500591986331,0.010505497190055267,0,1.049637440915528
7120,selected_local_quadratic,300,0.8099991799392746,1.1129438,0.02021500591986331,0.25678026218053474,0,1.221711797809654
7120,fixed_constant_100,100,0.8099991799392746,1.1129438,0.02021500591986331,0.06871332973241806,0,1.1894177198410034
7120,fixed_powerlaw_500,500,0.8099991799392746,1.1129438,0.02021500591986331,0.04102046470006424,0,1.1370427306347335
5062,selected_constant,100,1.3977207392766136,1.1387513,0.08376141843346478,0.007522084750235081,0,1.1301854848861694
5062,selected_powerlaw,500,1.3977207392766136,1.1387513,0.08376141843346478,0.13842530274911513,0,0.9279843943122544
5062,selected_local_quadratic,800,1.3977207392766136,1.1387513,0.08376141843346478,0.09200754474668271,0,1.0325220280686878
5062,fixed_constant_100,100,1.3977207392766136,1.1387513,0.08376141843346478,0.007522084750235081,0,1.1301854848861694
5062,fixed_powerlaw_500,500,1.3977207392766136,1.1387513,0.08376141843346478,0.13842530274911513,0,0.9279843943122544
5764,selected_constant,200,1.298485565755707,1.012755,0.03288961468104607,0.07646223902702332,0,1.090192437171936
5764,selected_powerlaw,500,1.298485565755707,1.012755,0.03288961468104607,0.2044872228322331,0,1.1323135391928765
5764,selected_local_quadratic,800,1.298485565755707,1.012755,0.03288961468104607,0.4235497157832087,0,1.2230970702928161
5764,fixed_constant_100,100,1.298485565755707,1.012755,0.03288961468104607,0.16860152781009674,0,1.1835070848464966
5764,fixed_powerlaw_500,500,1.298485565755707,1.012755,0.03288961468104607,0.2044872228322331,0,1.1323135391928765
6206,selected_constant,800,1.0788206924208763,0.88761246,0.06443043780706362,0.12352211028337479,0,0.9972521662712097
6206,selected_powerlaw,100,1.0788206924208763,0.88761246,0.06443043780706362,0.49468823026153863,0,0.18621885273167343
6206,selected_local_quadratic,800,1.0788206924208763,0.88761246,0.06443043780706362,0.6449091953913304,12,-0.3120427707451997
6206,fixed_constant_100,100,1.0788206924208763,0.88761246,0.06443043780706362,0.14805294573307037,0,0.7561989426612854
6206,fixed_powerlaw_500,500,1.0788206924208763,0.88761246,0.06443043780706362,0.16668767963758555,0,0.6022108676110067
8221,selected_constant,200,1.2982757833909653,0.9020836,0.05058465731521443,0.0872751846909523,0,0.9808129072189331
8221,selected_powerlaw,500,1.2982757833909653,0.9020836,0.05058465731521443,0.029282922708083112,0,0.8831988571841578
8221,selected_local_quadratic,800,1.2982757833909653,0.9020836,0.05058465731521443,0.04821883145147747,0,0.9028911419613627
8221,fixed_constant_100,100,1.2982757833909653,0.9020836,0.05058465731521443,0.045362796634435654,0,0.9430044293403625
8221,fixed_powerlaw_500,500,1.2982757833909653,0.9020836,0.05058465731521443,0.029282922708083112,0,0.8831988571841578
883,selected_constant,200,1.2041886999755314,1.0672861,0.04234776072699277,0.08453314006328583,0,0.9770649671554565
883,selected_powerlaw,200,1.2041886999755314,1.0672861,0.04234776072699277,0.06537601386562691,0,1.0616354550718599
883,selected_local_quadratic,800,1.2041886999755314,1.0672861,0.04234776072699277,0.08877814076099069,0,1.0720276525620602
883,fixed_constant_100,100,1.2041886999755314,1.0672861,0.04234776072699277,0.061664383858442307,0,1.0014727115631104
883,fixed_powerlaw_500,500,1.2041886999755314,1.0672861,0.04234776072699277,0.020905890448892038,0,1.0465164257984965
9882,selected_constant,100,1.206969574045493,1.0564277,0.03967874600280715,0.0696030706167221,0,0.982897162437439
9882,selected_powerlaw,800,1.206969574045493,1.0564277,0.03967874600280715,0.06521572568470795,0,0.9728598860148489
9882,selected_local_quadratic,800,1.206969574045493,1.0564277,0.03967874600280715,0.05191705800654857,0,1.0394906623642584
9882,fixed_constant_100,100,1.206969574045493,1.0564277,0.03967874600280715,0.0696030706167221,0,0.982897162437439
9882,fixed_powerlaw_500,500,1.206969574045493,1.0564277,0.03967874600280715,0.028233622736375332,0,1.0332454767704533
2960,selected_constant,100,1.022506050607577,0.73778814,0.05410909894216858,0.4483996629714966,0,1.0686122179031372
2960,selected_powerlaw,300,1.022506050607577,0.73778814,0.05410909894216858,0.7924261111964662,0,1.1150645576809053
2960,selected_local_quadratic,800,1.022506050607577,0.73778814,0.05410909894216858,0.889081145924711,0,1.1210436160499289
2960,fixed_constant_100,100,1.022506050607577,0.73778814,0.05410909894216858,0.4483996629714966,0,1.0686122179031372
2960,fixed_powerlaw_500,500,1.022506050607577,0.73778814,0.05410909894216858,0.17704541724002537,0,0.7929080899453893
8491,selected_constant,500,1.240984361341422,1.1480932,0.0564780735417639,0.21756623685359955,0,0.8983069062232971
8491,selected_powerlaw,800,1.240984361341422,1.1480932,0.0564780735417639,0.07427673531485439,0,1.0277250895926928
8491,selected_local_quadratic,800,1.240984361341422,1.1480932,0.0564780735417639,0.13764757088055476,0,1.163967747501096
8491,fixed_constant_100,100,1.240984361341422,1.1480932,0.0564780735417639,0.05346953868865967,0,1.086705207824707
8491,fixed_powerlaw_500,500,1.240984361341422,1.1480932,0.0564780735417639,0.12657076287266072,0,1.1567689278821671
11733,selected_constant,100,0.6436856515393939,1.1738482,0.009981722595206046,0.018945252522826195,0,1.1516093015670776
11733,selected_powerlaw,500,0.6436856515393939,1.1738482,0.009981722595206046,0.04851679752672187,0,1.1902686919071772
11733,selected_local_quadratic,800,0.6436856515393939,1.1738482,0.009981722595206046,0.08471953852347078,0,1.2024871828005572
11733,fixed_constant_100,100,0.6436856515393939,1.1738482,0.009981722595206046,0.018945252522826195,0,1.1516093015670776
11733,fixed_powerlaw_500,500,0.6436856515393939,1.1738482,0.009981722595206046,0.04851679752672187,0,1.1902686919071772
8900,selected_constant,500,0.7381922756300497,0.8423284,0.06425884793952169,0.1267176866531372,0,0.9490664005279541
8900,selected_powerlaw,800,0.7381922756300497,0.8423284,0.06425884793952169,0.04978331207899276,0,0.7076183070658396
8900,selected_local_quadratic,800,0.7381922756300497,0.8423284,0.06425884793952169,0.31589820025269655,0,0.22231468755187378
8900,fixed_constant_100,100,0.7381922756300497,0.8423284,0.06425884793952169,0.07998308539390564,0,0.774956464767456
8900,fixed_powerlaw_500,500,0.7381922756300497,0.8423284,0.06425884793952169,0.008344800383073827,0,0.7628165789756552
4778,selected_constant,100,0.9950027401956342,1.2334363,0.020119425487967746,0.05221056565642357,0,1.2978347539901733
4778,selected_powerlaw,800,0.9950027401956342,1.2334363,0.020119425487967746,0.19544261778013877,0,1.3075666350816104
4778,selected_local_quadratic,300,0.9950027401956342,1.2334363,0.020119425487967746,0.7322557816111334,0,1.5047033996645338
4778,fixed_constant_100,100,0.9950027401956342,1.2334363,0.020119425487967746,0.05221056565642357,0,1.2978347539901733
4778,fixed_powerlaw_500,500,0.9950027401956342,1.2334363,0.020119425487967746,0.06780866341381897,0,1.2278894173947714
5801,selected_constant,800,1.1501859647943973,0.915106,0.06451907127924793,0.07895508408546448,0,0.9873582124710083
5801,selected_powerlaw,800,1.1501859647943973,0.915106,0.06451907127924793,0.2738548296493042,0,1.1225062833899162
5801,selected_local_quadratic,800,1.1501859647943973,0.915106,0.06451907127924793,0.141006883050288,0,0.4663954941189703
5801,fixed_constant_100,100,1.1501859647943973,0.915106,0.06451907127924793,0.13130345940589905,0,1.0352625846862793
5801,fixed_powerlaw_500,500,1.1501859647943973,0.915106,0.06451907127924793,0.350984400829852,0,1.1655765092138128
6038,selected_constant,100,0.860718732574633,0.9842215,0.015550153479225212,0.0060646189376711845,0,0.978252649307251
6038,selected_powerlaw,200,0.860718732574633,0.9842215,0.015550153479225212,0.07115849570381577,0,0.8549896828088477
6038,selected_local_quadratic,500,0.860718732574633,0.9842215,0.015550153479225212,0.20918657800319357,0,0.5528291531579205
6038,fixed_constant_100,100,0.860718732574633,0.9842215,0.015550153479225212,0.0060646189376711845,0,0.978252649307251
6038,fixed_powerlaw_500,500,0.860718732574633,0.9842215,0.015550153479225212,0.0032530743526579917,0,0.9667236095440739
12042,selected_constant,100,0.9776785035254671,0.8913535,0.05325884384784483,0.1329018920660019,0,1.00981605052948
12042,selected_powerlaw,300,0.9776785035254671,0.8913535,0.05325884384784483,0.0235142172306389,0,0.8618881444062836
12042,selected_local_quadratic,800,0.9776785035254671,0.8913535,0.05325884384784483,0.016119224185688487,0,0.7852170130872257
12042,fixed_constant_100,100,0.9776785035254671,0.8913535,0.05325884384784483,0.1329018920660019,0,1.00981605052948
12042,fixed_powerlaw_500,500,0.9776785035254671,0.8913535,0.05325884384784483,0.040382565349375954,0,0.7622025359112022
6665,selected_constant,100,0.6320899487101315,1.1470895,0.007773641380520902,0.008527631871402264,0,1.1373075246810913
6665,selected_powerlaw,800,0.6320899487101315,1.1470895,0.007773641380520902,0.0024124983674200648,0,1.120580630128923
6665,selected_local_quadratic,200,0.6320899487101315,1.1470895,0.007773641380520902,0.08265789687102694,0,1.1572231437832643
6665,fixed_constant_100,100,0.6320899487101315,1.1470895,0.007773641380520902,0.008527631871402264,0,1.1373075246810913
6665,fixed_powerlaw_500,500,0.6320899487101315,1.1470895,0.007773641380520902,0.06127224218414315,0,1.1515655071112132
9552,selected_constant,800,0.9931782033669452,0.82209206,0.06436998782968387,0.29838934540748596,0,1.0673954486846924
9552,selected_powerlaw,300,0.9931782033669452,0.82209206,0.06436998782968387,0.6904517894186618,0,1.2007757657858895
9552,selected_local_quadratic,800,0.9931782033669452,0.82209206,0.06436998782968387,0.7788557521041861,0,1.2158011608454258
9552,fixed_constant_100,100,0.9931782033669452,0.82209206,0.06436998782968387,0.4305167496204376,0,1.1760164499282837
9552,fixed_powerlaw_500,500,0.9931782033669452,0.82209206,0.06436998782968387,0.2644138714953655,0,1.0393544437941367
9685,selected_constant,100,0.8607124842411852,1.0581396,0.01416233065212092,0.07324433326721191,0,1.1356422901153564
9685,selected_powerlaw,200,0.8607124842411852,1.0581396,0.01416233065212092,0.045336567203680955,0,1.0832982920979355
9685,selected_local_quadratic,500,0.8607124842411852,1.0581396,0.01416233065212092,0.024000491846859415,0,0.9193881001030173
9685,fixed_constant_100,100,0.8607124842411852,1.0581396,0.01416233065212092,0.07324433326721191,0,1.1356422901153564
9685,fixed_powerlaw_500,500,0.8607124842411852,1.0581396,0.01416233065212092,0.14985258532168977,0,1.170953270694876
5230,selected_constant,100,0.9269875721644432,1.2175139,0.017657008670214337,0.03686036542057991,0,1.2623920440673828
5230,selected_powerlaw,200,0.9269875721644432,1.2175139,0.017657008670214337,0.15619845377358663,0,1.3077244489891149
5230,selected_local_quadratic,800,0.9269875721644432,1.2175139,0.017657008670214337,0.22239181735703256,0,1.3386208439622251
5230,fixed_constant_100,100,0.9269875721644432,1.2175139,0.017657008670214337,0.03686036542057991,0,1.2623920440673828
5230,fixed_powerlaw_500,500,0.9269875721644432,1.2175139,0.017657008670214337,0.23782244847141118,0,1.344129077520143
4817,selected_constant,800,1.276893570968144,0.974968,0.05777451413998243,0.14393514394760132,0,0.8346357941627502
4817,selected_powerlaw,500,1.276893570968144,0.974968,0.05777451413998243,0.4781468036199932,0,1.1883702880882683
4817,selected_local_quadratic,800,1.276893570968144,0.974968,0.05777451413998243,0.7624261502760065,0,1.3056796809982751
4817,fixed_constant_100,100,1.276893570968144,0.974968,0.05777451413998243,0.22833172976970673,0,1.1975842714309692
4817,fixed_powerlaw_500,500,1.276893570968144,0.974968,0.05777451413998243,0.4781468036199932,0,1.1883702880882683
10039,selected_constant,300,0.8519213513153197,1.184931,0.03256098009601602,0.2702653408050537,0,0.8646852970123291
10039,selected_powerlaw,500,0.8519213513153197,1.184931,0.03256098009601602,0.36716547116285136,0,0.6609238347589691
10039,selected_local_quadratic,800,0.8519213513153197,1.184931,0.03256098009601602,0.2645880836044839,0,0.8589455627881807
10039,fixed_constant_100,100,0.8519213513153197,1.184931,0.03256098009601602,0.3091200888156891,0,0.8186451196670532
10039,fixed_powerlaw_500,500,0.8519213513153197,1.184931,0.03256098009601602,0.36716547116285136,0,0.6609238347589691
995,selected_constant,100,1.0354577720635554,0.94116354,0.05399324577315923,0.11755730211734772,0,1.0518041849136353
995,selected_powerlaw,300,1.0354577720635554,0.94116354,0.05399324577315923,0.14995884062200232,0,1.0598487986587901
995,selected_local_quadratic,800,1.0354577720635554,0.94116354,0.05399324577315923,0.20141492601593528,0,1.0713991951384745
995,fixed_constant_100,100,1.0354577720635554,0.94116354,0.05399324577315923,0.11755730211734772,0,1.0518041849136353
995,fixed_powerlaw_500,500,1.0354577720635554,0.94116354,0.05399324577315923,0.11720695854037338,0,1.0436231375887788
8321,selected_constant,800,0.9333229848383618,0.8981396,0.04153061174893856,0.09824962168931961,0,0.9863815307617188
8321,selected_powerlaw,800,0.9333229848383618,0.8981396,0.04153061174893856,0.14054620085461927,0,0.6940036106251597
8321,selected_local_quadratic,500,0.9333229848383618,0.8981396,0.04153061174893856,0.10009222055846073,0,0.7623517560503716
8321,fixed_constant_100,100,0.9333229848383618,0.8981396,0.04153061174893856,0.06043117493391037,0,0.8438640236854553
8321,fixed_powerlaw_500,500,0.9333229848383618,0.8981396,0.04153061174893856,0.0987140965487268,0,0.7479463922811304
8918,selected_constant,100,0.9563082014018074,1.2554239,0.018121232840375298,0.004218963906168938,0,1.2501273155212402
8918,selected_powerlaw,200,0.9563082014018074,1.2554239,0.018121232840375298,0.144441266282586,0,1.2974852690376806
8918,selected_local_quadratic,500,0.9563082014018074,1.2554239,0.018121232840375298,0.16124585793398638,0,1.3071830878008477
8918,fixed_constant_100,100,0.9563082014018074,1.2554239,0.018121232840375298,0.004218963906168938,0,1.2501273155212402
8918,fixed_powerlaw_500,500,0.9563082014018074,1.2554239,0.018121232840375298,0.09198325577129901,0,1.2623207568031876
10765,selected_constant,500,0.1009551187790436,0.6058854,0.051179888208331484,0.19370216131210327,0,0.7232467532157898
10765,selected_powerlaw,800,0.1009551187790436,0.6058854,0.051179888208331484,0.817800665190295,0,0.8490792659642613
10765,selected_local_quadratic,800,0.1009551187790436,0.6058854,0.051179888208331484,0.15855561688614714,0,0.22561614724960688
10765,fixed_constant_100,100,0.1009551187790436,0.6058854,0.051179888208331484,0.27971023321151733,0,0.7753577828407288
10765,fixed_powerlaw_500,500,0.1009551187790436,0.6058854,0.051179888208331484,0.42155518317823926,0,0.7686188603039391
1115,selected_constant,100,0.8387782491234369,1.197836,0.01870733754687797,0.033939290791749954,0,1.157182216644287
1115,selected_powerlaw,500,0.8387782491234369,1.197836,0.01870733754687797,0.07164259296258355,0,1.2505063083928276
1115,selected_local_quadratic,800,0.8387782491234369,1.197836,0.01870733754687797,0.18897902191130725,0,0.7104044626599102
1115,fixed_constant_100,100,0.8387782491234369,1.197836,0.01870733754687797,0.033939290791749954,0,1.157182216644287
1115,fixed_powerlaw_500,500,0.8387782491234369,1.197836,0.01870733754687797,0.07164259296258355,0,1.2505063083928276
3600,selected_constant,100,1.599478119757917,1.3835065,0.09915831478229038,0.2000034600496292,0,1.1068005561828613
3600,selected_powerlaw,800,1.599478119757917,1.3835065,0.09915831478229038,0.285315309788758,0,0.8258665615445832
3600,selected_local_quadratic,800,1.599478119757917,1.3835065,0.09915831478229038,0.41363240457322625,0,0.4807781262056743
3600,fixed_constant_100,100,1.599478119757917,1.3835065,0.09915831478229038,0.2000034600496292,0,1.1068005561828613
3600,fixed_powerlaw_500,500,1.599478119757917,1.3835065,0.09915831478229038,0.3053032441971552,0,0.7898842347147614
1269,selected_constant,300,1.502947374685064,1.0057038,0.08544355065088363,0.16095060110092163,0,0.843835175037384
1269,selected_powerlaw,500,1.502947374685064,1.0057038,0.08544355065088363,0.14565998502318062,0,0.8546169348410234
1269,selected_local_quadratic,800,1.502947374685064,1.0057038,0.08544355065088363,0.2614221315882168,0,0.6443799821192724
1269,fixed_constant_100,100,1.502947374685064,1.0057038,0.08544355065088363,0.20452560484409332,0,0.8000116348266602
1269,fixed_powerlaw_500,500,1.502947374685064,1.0057038,0.08544355065088363,0.14565998502318062,0,0.8546169348410234
12634,selected_constant,100,1.4957122019294429,0.85911673,0.09183041220135972,0.07395625859498978,0,0.9226537942886353
12634,selected_powerlaw,800,1.4957122019294429,0.85911673,0.09183041220135972,0.06668202736730712,0,0.8011772461033018
12634,selected_local_quadratic,800,1.4957122019294429,0.85911673,0.09183041220135972,0.5909034922563124,0,1.068622110931119
12634,fixed_constant_100,100,1.4957122019294429,0.85911673,0.09183041220135972,0.07395625859498978,0,0.9226537942886353
12634,fixed_powerlaw_500,500,1.4957122019294429,0.85911673,0.09183041220135972,0.04766700844583447,0,0.8629293288319275
9864,selected_constant,200,1.1688100718950942,1.1376626,0.0892284501299289,0.44004154205322266,0,0.6370437145233154
9864,selected_powerlaw,800,1.1688100718950942,1.1376626,0.0892284501299289,0.3322825134961426,0,0.7207781657815601
9864,selected_local_quadratic,800,1.1688100718950942,1.1376626,0.0892284501299289,0.7680531003734251,11,-0.21218036667865858
9864,fixed_constant_100,100,1.1688100718950942,1.1376626,0.0892284501299289,0.4586324691772461,0,0.615893542766571
9864,fixed_powerlaw_500,500,1.1688100718950942,1.1376626,0.0892284501299289,0.45514984041924744,0,0.5122687402218182
570,selected_constant,200,0.4272179256330277,1.1269046,0.004073436713073766,0.016936980187892914,0,1.107818365097046
570,selected_powerlaw,500,0.4272179256330277,1.1269046,0.004073436713073766,0.05446009446677728,0,1.0263213824796737
570,selected_local_quadratic,800,0.4272179256330277,1.1269046,0.004073436713073766,0.10701772434445478,0,0.895596995920235
570,fixed_constant_100,100,0.4272179256330277,1.1269046,0.004073436713073766,0.03176175802946091,0,1.0911122560501099
570,fixed_powerlaw_500,500,0.4272179256330277,1.1269046,0.004073436713073766,0.05446009446677728,0,1.0263213824796737
11141,selected_constant,100,0.2109286564441036,0.61882436,0.01319937488828288,0.14253108203411102,0,0.7070260047912598
11141,selected_powerlaw,800,0.2109286564441036,0.61882436,0.01319937488828288,0.08384386738698184,0,0.6296379128049007
11141,selected_local_quadratic,800,0.2109286564441036,0.61882436,0.01319937488828288,0.16625624641284614,0,0.7094282302573721
11141,fixed_constant_100,100,0.2109286564441036,0.61882436,0.01319937488828288,0.14253108203411102,0,0.7070260047912598
11141,fixed_powerlaw_500,500,0.2109286564441036,0.61882436,0.01319937488828288,0.09373629091881458,0,0.6426807408302898
9115,selected_constant,500,1.2135257797503598,0.94860697,0.11171170850203875,0.11251050978899002,0,0.8418787121772766
9115,selected_powerlaw,800,1.2135257797503598,0.94860697,0.11171170850203875,0.17068257763232406,0,0.7411612396548825
9115,selected_local_quadratic,500,1.2135257797503598,0.94860697,0.11171170850203875,0.11056379809925075,0,0.7662751875002783
9115,fixed_constant_100,100,1.2135257797503598,0.94860697,0.11171170850203875,0.010358288884162903,0,0.9584329724311829
9115,fixed_powerlaw_500,500,1.2135257797503598,0.94860697,0.11171170850203875,0.013795476013334307,0,0.9298680222093956
5684,selected_constant,200,0.9531755369514938,1.2873476,0.0237463576030033,0.018331976607441902,0,1.2637479305267334
5684,selected_powerlaw,800,0.9531755369514938,1.2873476,0.0237463576030033,0.15085442345358677,0,1.3268947462732956
5684,selected_local_quadratic,800,0.9531755369514938,1.2873476,0.0237463576030033,0.245217637318277,0,1.3728782935890504
5684,fixed_constant_100,100,0.9531755369514938,1.2873476,0.0237463576030033,0.008056076243519783,0,1.2769767045974731
5684,fixed_powerlaw_500,500,0.9531755369514938,1.2873476,0.0237463576030033,0.15304642620720516,0,1.3257089282860641
11163,selected_constant,500,1.1799449241093811,1.1153132,0.06002601238973582,0.16177448630332947,0,0.9348840117454529
11163,selected_powerlaw,300,1.1799449241093811,1.1153132,0.06002601238973582,0.0831134005176346,0,1.0184537983044084
11163,selected_local_quadratic,800,1.1799449241093811,1.1153132,0.06002601238973582,0.19516630717306346,0,0.7488249094888524
11163,fixed_constant_100,100,1.1799449241093811,1.1153132,0.06002601238973582,0.14803597331047058,0,0.9502067565917969
11163,fixed_powerlaw_500,500,1.1799449241093811,1.1153132,0.06002601238973582,0.05968600592688404,0,1.1060870442613095
2534,selected_constant,200,1.1602872438685583,0.8815273,0.05624593002195036,0.11109042167663574,0,0.9794569611549377
2534,selected_powerlaw,500,1.1602872438685583,0.8815273,0.05624593002195036,0.15868164135161564,0,1.0003291077660679
2534,selected_local_quadratic,800,1.1602872438685583,0.8815273,0.05624593002195036,0.5354961107001396,9,-0.21651734869278505
2534,fixed_constant_100,100,1.1602872438685583,0.8815273,0.05624593002195036,0.05015566945075989,0,0.8373138308525085
2534,fixed_powerlaw_500,500,1.1602872438685583,0.8815273,0.05624593002195036,0.15868164135161564,0,1.0003291077660679
4739,selected_constant,200,1.4867761244674875,1.403468,0.1427512943301393,0.387437105178833,0,0.8597124814987183
4739,selected_powerlaw,500,1.4867761244674875,1.403468,0.1427512943301393,0.5170894348923183,0,0.5317475022493577
4739,selected_local_quadratic,800,1.4867761244674875,1.403468,0.1427512943301393,0.7186295637340817,2,-0.020966282100082112
4739,fixed_constant_100,100,1.4867761244674875,1.403468,0.1427512943301393,0.37163838744163513,0,0.8818854689598083
4739,fixed_powerlaw_500,500,1.4867761244674875,1.403468,0.1427512943301393,0.5170894348923183,0,0.5317475022493577
830,selected_constant,200,0.9710300108721472,1.3337065,0.13132141907310238,0.7994144558906555,0,0.2675222158432007
830,selected_powerlaw,500,0.9710300108721472,1.3337065,0.13132141907310238,0.7317070190641998,0,0.21620191829946558
830,selected_local_quadratic,800,0.9710300108721472,1.3337065,0.13132141907310238,1.8978794250052131,41,-2.896538676689624
830,fixed_constant_100,100,0.9710300108721472,1.3337065,0.13132141907310238,1.1212049722671509,41,-0.16165189445018768
830,fixed_powerlaw_500,500,0.9710300108721472,1.3337065,0.13132141907310238,0.7317070190641998,0,0.21620191829946558
1222,selected_constant,300,1.0373320828872827,0.7740451,0.06912526399250812,0.2118680775165558,0,0.9380406141281128
1222,selected_powerlaw,300,1.0373320828872827,0.7740451,0.06912526399250812,0.256280591224653,0,0.40244809926880504
1222,selected_local_quadratic,800,1.0373320828872827,0.7740451,0.06912526399250812,0.9472332743194867,23,-0.768492275373819
1222,fixed_constant_100,100,1.0373320828872827,0.7740451,0.06912526399250812,0.0723409578204155,0,0.8300403356552124
1222,fixed_powerlaw_500,500,1.0373320828872827,0.7740451,0.06912526399250812,0.1737367317879434,0,0.47615647401620387
6500,selected_constant,100,1.5179421133179505,1.0213908,0.04168496188224292,0.15369296073913574,0,0.8644102215766907
6500,selected_powerlaw,300,1.5179421133179505,1.0213908,0.04168496188224292,0.35514435622175594,0,0.5377542959837237
6500,selected_local_quadratic,800,1.5179421133179505,1.0213908,0.04168496188224292,0.24172848455631596,0,0.7270003724115369
6500,fixed_constant_100,100,1.5179421133179505,1.0213908,0.04168496188224292,0.15369296073913574,0,0.8644102215766907
6500,fixed_powerlaw_500,500,1.5179421133179505,1.0213908,0.04168496188224292,0.30850542048735663,0,0.6215176758727753
12665,selected_constant,200,1.0882337853642623,1.0546758,0.0362880223533833,0.058898672461509705,0,1.1167947053909302
12665,selected_powerlaw,800,1.0882337853642623,1.0546758,0.0362880223533833,0.2421163305443607,0,1.2117611529238737
12665,selected_local_quadratic,800,1.0882337853642623,1.0546758,0.0362880223533833,0.15685714112778407,0,1.1617657126563454
12665,fixed_constant_100,100,1.0882337853642623,1.0546758,0.0362880223533833,0.09595025330781937,0,1.1558722257614136
12665,fixed_powerlaw_500,500,1.0882337853642623,1.0546758,0.0362880223533833,0.14638936161084082,0,1.1548627378671636
5694,selected_constant,200,1.5671882911500097,0.76302826,0.059579567430107304,0.04497898370027542,0,0.7973484992980957
5694,selected_powerlaw,800,1.5671882911500097,0.76302826,0.059579567430107304,0.1044531338252452,0,0.6496603174976029
5694,selected_local_quadratic,300,1.5671882911500097,0.76302826,0.059579567430107304,0.15671624053101493,0,0.45207019869835896
5694,fixed_constant_100,100,1.5671882911500097,0.76302826,0.059579567430107304,0.028466764837503433,0,0.7847492694854736
5694,fixed_powerlaw_500,500,1.5671882911500097,0.76302826,0.059579567430107304,0.022169120590022618,0,0.7701364898836
4078,selected_constant,500,0.7792644705835426,0.91707826,0.032600360332357414,0.06242134049534798,0,0.9743234515190125
4078,selected_powerlaw,800,0.7792644705835426,0.91707826,0.032600360332357414,0.08190251404107662,0,0.7724636722721201
4078,selected_local_quadratic,800,0.7792644705835426,0.91707826,0.032600360332357414,0.19643215671510547,0,0.5681857393632694
4078,fixed_constant_100,100,0.7792644705835426,0.91707826,0.032600360332357414,0.01611105352640152,0,0.9023032784461975
4078,fixed_powerlaw_500,500,0.7792644705835426,0.91707826,0.032600360332357414,0.19603804010810497,0,0.6144594508278335
10511,selected_constant,100,0.7978204784289771,1.2473959,0.018963589786298467,0.0023385128006339073,0,1.244478702545166
10511,selected_powerlaw,500,0.7978204784289771,1.2473959,0.018963589786298467,0.03347416364356596,0,1.2514024054339152
10511,selected_local_quadratic,800,0.7978204784289771,1.2473959,0.018963589786298467,0.045575966656916087,0,1.1558927711978437
10511,fixed_constant_100,100,0.7978204784289771,1.2473959,0.018963589786298467,0.0023385128006339073,0,1.244478702545166
10511,fixed_powerlaw_500,500,0.7978204784289771,1.2473959,0.018963589786298467,0.03347416364356596,0,1.2514024054339152
8217,selected_constant,100,0.7249309295587855,1.0624063,0.015100469216619714,0.08752293139696121,0,0.96942138671875
8217,selected_powerlaw,300,0.7249309295587855,1.0624063,0.015100469216619714,0.25031213035186384,0,0.6369741710964536
8217,selected_local_quadratic,800,0.7249309295587855,1.0624063,0.015100469216619714,0.3086438480228927,0,0.45468165474250494
8217,fixed_constant_100,100,0.7249309295587855,1.0624063,0.015100469216619714,0.08752293139696121,0,0.96942138671875
8217,fixed_powerlaw_500,500,0.7249309295587855,1.0624063,0.015100469216619714,0.09926875079089928,0,0.9054745201360461
8825,selected_constant,100,0.8150404789077426,1.1683717,0.013738541211668244,0.12603189051151276,0,1.3156237602233887
8825,selected_powerlaw,500,0.8150404789077426,1.1683717,0.013738541211668244,0.182051925908399,0,1.3360980192461867
8825,selected_local_quadratic,800,0.8150404789077426,1.1683717,0.013738541211668244,0.04785072032355907,0,1.1304624551016982
8825,fixed_constant_100,100,0.8150404789077426,1.1683717,0.013738541211668244,0.12603189051151276,0,1.3156237602233887
8825,fixed_powerlaw_500,500,0.8150404789077426,1.1683717,0.013738541211668244,0.182051925908399,0,1.3360980192461867
6123,selected_constant,100,1.5162257432070687,0.9374026,0.024842552036076285,0.024138225242495537,0,0.9600298404693604
6123,selected_powerlaw,800,1.5162257432070687,0.9374026,0.024842552036076285,0.040955997830279506,0,0.8400557567499379
6123,selected_local_quadratic,500,1.5162257432070687,0.9374026,0.024842552036076285,0.04923399924760398,0,0.8314230312272575
6123,fixed_constant_100,100,1.5162257432070687,0.9374026,0.024842552036076285,0.024138225242495537,0,0.9600298404693604
6123,fixed_powerlaw_500,500,1.5162257432070687,0.9374026,0.024842552036076285,0.11709350714063611,0,0.7387087382628978
10156,selected_constant,300,0.7486489406951138,0.8190678,0.036960017299400016,0.2766101360321045,0,1.0456299781799316
10156,selected_powerlaw,500,0.7486489406951138,0.8190678,0.036960017299400016,0.15144125682631238,0,0.8896285239532659
10156,selected_local_quadratic,800,0.7486489406951138,0.8190678,0.036960017299400016,0.03359448611474803,0,0.58268941884342
10156,fixed_constant_100,100,0.7486489406951138,0.8190678,0.036960017299400016,0.14791688323020935,0,0.9402215480804443
10156,fixed_powerlaw_500,500,0.7486489406951138,0.8190678,0.036960017299400016,0.15144125682631238,0,0.8896285239532659
5355,selected_constant,200,0.9561316350774024,0.82587886,0.09032874850131718,0.14938949048519135,0,0.949256420135498
5355,selected_powerlaw,800,0.9561316350774024,0.82587886,0.09032874850131718,0.10547886672323843,0,0.6664892181880671
5355,selected_local_quadratic,800,0.9561316350774024,0.82587886,0.09032874850131718,0.16346790787148394,0,0.8710868586889482
5355,fixed_constant_100,100,0.9561316350774024,0.82587886,0.09032874850131718,0.040803126990795135,0,0.7921804189682007
5355,fixed_powerlaw_500,500,0.9561316350774024,0.82587886,0.09032874850131718,0.1440965065138415,0,0.621016738427482
4613,selected_constant,100,1.16341807934622,1.0205965,0.05620521448522771,0.17092329263687134,0,1.195040225982666
4613,selected_powerlaw,300,1.16341807934622,1.0205965,0.05620521448522771,0.23864789509782897,0,1.2106323604108955
4613,selected_local_quadratic,800,1.16341807934622,1.0205965,0.05620521448522771,0.10867133058530816,0,1.0715880931113677
4613,fixed_constant_100,100,1.16341807934622,1.0205965,0.05620521448522771,0.17092329263687134,0,1.195040225982666
4613,fixed_powerlaw_500,500,1.16341807934622,1.0205965,0.05620521448522771,0.2971636175300775,0,1.243326744163397
9705,selected_constant,500,1.2747558140884645,0.93876773,0.05405612189481776,0.027020029723644257,0,0.9134021997451782
9705,selected_powerlaw,800,1.2747558140884645,0.93876773,0.05405612189481776,0.15379169574555254,0,1.0397340258902137
9705,selected_local_quadratic,500,1.2747558140884645,0.93876773,0.05405612189481776,1.0047729719964493,0,1.3792261579903586
9705,fixed_constant_100,100,1.2747558140884645,0.93876773,0.05405612189481776,0.24324680864810944,0,1.1671202182769775
9705,fixed_powerlaw_500,500,1.2747558140884645,0.93876773,0.05405612189481776,0.5119538088280943,0,1.2263691033020472
1694,selected_constant,200,0.9292537377274112,1.3069463,0.014998680349949306,0.0336868092417717,0,1.2629194259643555
1694,selected_powerlaw,300,0.9292537377274112,1.3069463,0.014998680349949306,0.07312741516883266,0,1.3108523736430666
1694,selected_local_quadratic,800,0.9292537377274112,1.3069463,0.014998680349949306,0.1083447977411625,0,1.3325577629006333
1694,fixed_constant_100,100,0.9292537377274112,1.3069463,0.014998680349949306,0.029029065743088722,0,1.2690068483352661
1694,fixed_powerlaw_500,500,0.9292537377274112,1.3069463,0.014998680349949306,0.1597576691084868,0,1.3558751636092843
8955,selected_constant,100,0.9853557297268468,1.3905829,0.015608051468308648,0.14761242270469666,0,1.1853156089782715
8955,selected_powerlaw,800,0.9853557297268468,1.3905829,0.015608051468308648,0.04854234261342552,0,1.2799576229469742
8955,selected_local_quadratic,800,0.9853557297268468,1.3905829,0.015608051468308648,0.0011241388221087459,0,1.2439700163049145
8955,fixed_constant_100,100,0.9853557297268468,1.3905829,0.015608051468308648,0.14761242270469666,0,1.1853156089782715
8955,fixed_powerlaw_500,500,0.9853557297268468,1.3905829,0.015608051468308648,0.035618942266617694,0,1.219282874213046
4308,selected_constant,800,1.1944144771582632,1.0796064,0.09071317883970136,0.20099924504756927,0,0.8626064658164978
4308,selected_powerlaw,800,1.1944144771582632,1.0796064,0.09071317883970136,0.07715506696998578,0,0.9717745480679684
4308,selected_local_quadratic,800,1.1944144771582632,1.0796064,0.09071317883970136,0.08383229807059023,0,0.9360593991388415
4308,fixed_constant_100,100,1.1944144771582632,1.0796064,0.09071317883970136,0.17837704718112946,0,0.8870294690132141
4308,fixed_powerlaw_500,500,1.1944144771582632,1.0796064,0.09071317883970136,0.15373834860631866,0,0.9132288548775678
1157,selected_constant,100,1.5065163046571877,1.0242103,0.08621039723338651,0.10077052563428879,0,1.1274205446243286
1157,selected_powerlaw,500,1.5065163046571877,1.0242103,0.08621039723338651,0.025582797394277802,0,0.992375600976808
1157,selected_local_quadratic,800,1.5065163046571877,1.0242103,0.08621039723338651,0.19840077545426618,0,1.0979817496015472
1157,fixed_constant_100,100,1.5065163046571877,1.0242103,0.08621039723338651,0.10077052563428879,0,1.1274205446243286
1157,fixed_powerlaw_500,500,1.5065163046571877,1.0242103,0.08621039723338651,0.025582797394277802,0,0.992375600976808
7366,selected_constant,800,0.974354578578112,0.9498602,0.060379521466064144,0.10979510843753815,0,1.0541503429412842
7366,selected_powerlaw,300,0.974354578578112,0.9498602,0.060379521466064144,0.1294252490013625,0,1.0145463720742658
7366,selected_local_quadratic,800,0.974354578578112,0.9498602,0.060379521466064144,0.11825027057478492,0,1.000559948871764
7366,fixed_constant_100,100,0.974354578578112,0.9498602,0.060379521466064144,0.009806783869862556,0,0.9591753482818604
7366,fixed_powerlaw_500,500,0.974354578578112,0.9498602,0.060379521466064144,0.12399223618512344,0,0.7327748953923264
5850,selected_constant,200,1.3334151759731536,1.0497276,0.04511392080489756,0.12790723145008087,0,0.9154598712921143
5850,selected_powerlaw,800,1.3334151759731536,1.0497276,0.04511392080489756,0.11269895477552683,0,0.8981036056396048
5850,selected_local_quadratic,800,1.3334151759731536,1.0497276,0.04511392080489756,0.14167445103637083,0,0.8332210402063253
5850,fixed_constant_100,100,1.3334151759731536,1.0497276,0.04511392080489756,0.14064930379390717,0,0.9020841121673584
5850,fixed_powerlaw_500,500,1.3334151759731536,1.0497276,0.04511392080489756,0.08359116293701752,0,0.944716143978546
10869,selected_constant,100,0.8144588002119629,1.1722199,0.009294001025061715,0.04067609831690788,0,1.2199013233184814
10869,selected_powerlaw,500,0.8144588002119629,1.1722199,0.009294001025061715,0.09648641847586217,0,1.2385298933722195
10869,selected_local_quadratic,800,0.8144588002119629,1.1722199,0.009294001025061715,0.029538271702087403,0,1.1931747775396886
10869,fixed_constant_100,100,0.8144588002119629,1.1722199,0.009294001025061715,0.04067609831690788,0,1.2199013233184814
10869,fixed_powerlaw_500,500,0.8144588002119629,1.1722199,0.009294001025061715,0.09648641847586217,0,1.2385298933722195
