offset,horizon,window,method,median,count
400,400,100,constant,0.09599296003580093,98
400,400,100,powerlaw,0.2764478176832199,98
400,400,200,constant,0.0874316617846489,98
400,400,200,powerlaw,0.15426994860172272,98
400,400,500,constant,0.09633290767669678,98
400,400,500,powerlaw,0.11187519878149033,98
600,400,100,constant,0.08010649308562279,98
600,400,100,powerlaw,0.1736276000738144,98
600,400,200,constant,0.07433483377099037,98
600,400,200,powerlaw,0.12875580042600632,98
600,400,500,constant,0.09864317998290062,98
600,400,500,powerlaw,0.08295474201440811,98
800,400,100,constant,0.08219241350889206,98
800,400,100,powerlaw,0.1894664168357849,98
800,400,200,constant,0.06582381576299667,98
800,400,200,powerlaw,0.15621306002140045,98
800,400,500,constant,0.09527074545621872,98
800,400,500,powerlaw,0.10058201104402542,98
800,800,100,constant,0.08568167686462402,99
800,800,100,powerlaw,0.3215108811855316,99
800,800,200,constant,0.07899747788906097,99
800,800,200,powerlaw,0.15720702707767487,99
800,800,500,constant,0.088925302028656,99
800,800,500,powerlaw,0.12366806715726852,99
