side,method,n,failures,median,p90,p95,p99,maximum
blue,constant,400,0,0.7617499567568302,3.331630149483682,4.372431081533422,7.2023532217741,28.60343098640442
blue,powerlaw100,400,0,1.1854966960686557,5.6085627103144375,7.926708687371344,1586.4363719111907,9.467771528152315e+48
blue,powerlaw200,400,0,0.9434835614828483,3.7288220694161898,4.887470773339355,10.491526344580109,411.57156259601635
blue,powerlaw300,400,0,0.851092747180455,3.3856343535396687,5.180453517606398,7.5826618034018445,30.915912386705063
blue,powerlaw500,400,0,0.6976416511268718,3.3118785730335305,4.819359260594107,6.951328890241545,27.681074964538695
red,constant,400,0,0.11555841565132136,0.5679092951118949,0.8293671011924739,1.398503414541482,1.9781848788261411
red,powerlaw100,400,0,0.18875599220157163,1.0285541726819103,1.352897713134812,3.097785091355852,3.706770303028912e+44
red,powerlaw200,400,0,0.13833158303088944,0.6525919454402777,0.862242638183685,1.5149824244919128,3.0942011681747132
red,powerlaw300,400,0,0.12836513721361675,0.607658139235774,0.8047749339178334,1.4022052492447625,2.155380608935298
red,powerlaw500,400,0,0.12494172878119514,0.602844816501652,0.8441528741845855,1.6172293700454778,1.8973536929834545
