side,method,median_difference_vs_500,ci_low,ci_high,fraction_better_than_500
blue,constant,0.0641083056299584,-0.07325488636727595,0.1674983769387019,0.51
blue,powerlaw100,0.4878550449417839,0.2792834288089478,0.6950609333266858,0.37
blue,powerlaw200,0.24584191035597647,0.09626545054742874,0.3575665083478923,0.3925
blue,powerlaw300,0.1534510960535832,0.005434323454811335,0.2441117532548157,0.4575
blue,powerlaw500,0.0,0.0,0.0,0.0
red,constant,-0.009383313129873783,-0.031812842404306034,0.01096605401848129,0.5325
red,powerlaw100,0.0638142634203765,0.03154075737133972,0.10310585288097535,0.39
red,powerlaw200,0.0133898542496943,-0.010999591101818383,0.04242688438282963,0.4875
red,powerlaw300,0.003423408432421615,-0.02035257292333187,0.03160782724897767,0.4825
red,powerlaw500,0.0,0.0,0.0,0.0
