row,method,z,true_mean,pred_mean,mean_sigma,mean_error,negative_bins,min_prediction
5705,constant,0.9010706462895066,1.0670387,1.1795111894607544,0.03117806975231913,0.10540623962879181,0,1.1795111894607544
5705,powerlaw,0.9010706462895066,1.0670387,1.2781375139879716,0.03117806975231913,0.1978361867792873,0,1.2075511790998283
5705,local_quadratic,0.9010706462895066,1.0670387,1.2082337817043085,0.03117806975231913,0.1323242843400548,0,1.182058446385612
5705,regularized,0.9010706462895066,1.0670387,1.1803564092184642,0.03117806975231913,0.1061983587722494,0,1.1803564092184642
12271,constant,0.7573463246738268,1.1852328,1.1540484428405762,0.01200151575589113,0.026310710236430168,0,1.1540484428405762
12271,powerlaw,0.7573463246738268,1.1852328,1.1314238234632203,0.01200151575589113,0.04539946662114894,0,1.1186789000611166
12271,local_quadratic,0.7573463246738268,1.1852328,1.0731062791387702,0.01200151575589113,0.09460291961815451,0,0.9987937627237221
12271,regularized,0.7573463246738268,1.1852328,1.120895195825806,0.01200151575589113,0.054282639619626795,0,1.120895195825806
8741,constant,0.9077391196565556,0.9577081,0.8728359937667847,0.04563285077206692,0.08862003684043884,0,0.8728358745574951
8741,powerlaw,0.9077391196565556,0.9577081,0.8623978574714074,0.04563285077206692,0.09951911323485638,0,0.7948412888768054
8741,local_quadratic,0.9077391196565556,0.9577081,0.8090958246872931,0.04563285077206692,0.15517493534990068,0,0.6994265027105812
8741,regularized,0.9077391196565556,0.9577081,0.8792201147126806,0.04563285077206692,0.08195399408854025,0,0.8792201147126807
6078,constant,1.1066414593316012,0.9865091,1.0541926622390747,0.02127976981498241,0.06860917806625366,0,1.0541926622390747
6078,powerlaw,1.1066414593316012,0.9865091,1.0542562095652268,0.02127976981498241,0.06867359451047039,0,1.0436736463266405
6078,local_quadratic,1.1066414593316012,0.9865091,1.0161119100532778,0.02127976981498241,0.030007656098469573,0,0.9928700460031001
6078,regularized,1.1066414593316012,0.9865091,1.0210886762032858,0.02127976981498241,0.03505248156149474,0,1.0056026037537356
5856,constant,1.6065350800108236,0.94078195,1.1573486328125,0.0537258938729237,0.23019859194755554,0,1.1573487520217896
5856,powerlaw,1.6065350800108236,0.94078195,1.0623941904405552,0.0537258938729237,0.12926719030594527,0,1.0384374416196684
5856,local_quadratic,1.6065350800108236,0.94078195,1.0729654284836216,0.0537258938729237,0.14050384087347015,0,1.0663796364033902
5856,regularized,1.6065350800108236,0.94078195,1.076506443410727,0.0537258938729237,0.144267746976821,0,1.075650669169358
10134,constant,0.3267307036062099,0.6919742,1.039278507232666,0.055748399235761234,0.5019034743309021,0,1.0392783880233765
10134,powerlaw,0.3267307036062099,0.6919742,1.2163646938180785,0.055748399235761234,0.7578179272952815,0,1.0857219401609064
10134,local_quadratic,0.3267307036062099,0.6919742,1.082779855866459,0.055748399235761234,0.5647690627897555,0,1.0383479456130222
10134,regularized,0.3267307036062099,0.6919742,1.0364021042886045,0.055748399235761234,0.49774669395125926,0,1.0364021042886047
2010,constant,0.7521192243988007,1.2522631,1.1262532472610474,0.012996797508962838,0.10062567889690399,0,1.1262532472610474
2010,powerlaw,0.7521192243988007,1.2522631,1.1518768204740621,0.012996797508962838,0.08016386584544263,0,1.1433634249811386
2010,local_quadratic,0.7521192243988007,1.2522631,1.0464503470248359,0.012996797508962838,0.16435262461842817,0,0.9459975533204753
2010,regularized,0.7521192243988007,1.2522631,1.0517014762124743,0.012996797508962838,0.1601593130715254,0,0.959373392538804
4247,constant,0.6997123515721189,0.72688633,0.8658078908920288,0.05279970950339741,0.19111868739128113,0,0.8658079504966736
4247,powerlaw,0.6997123515721189,0.72688633,0.8167790157559655,0.05279970950339741,0.12366814419144198,0,0.7741008005822824
4247,local_quadratic,0.6997123515721189,0.72688633,0.604213764353091,0.05279970950339741,0.16876444400670884,0,0.34286765192029284
4247,regularized,0.6997123515721189,0.72688633,0.7736596218820206,0.05279970950339741,0.06434746092419251,0,0.7736596218820206
2149,constant,0.3719457872085278,1.1522058,1.2396864891052246,0.007305698829441079,0.07592450827360153,0,1.2396864891052246
2149,powerlaw,0.3719457872085278,1.1522058,1.1800397076438087,0.007305698829441079,0.024157040514349477,0,1.1560385551757477
2149,local_quadratic,0.3719457872085278,1.1522058,1.7619940241085619,0.007305698829441079,0.5292354769469286,0,1.308714143502803
2149,regularized,0.3719457872085278,1.1522058,1.3671109360523555,0.007305698829441079,0.18651625131991675,0,1.2920188321818908
9316,constant,0.8894672862503489,1.2103305,1.2923129796981812,0.023218007235538594,0.06773562729358673,0,1.2923128604888916
9316,powerlaw,0.8894672862503489,1.2103305,1.5537704702873574,0.023218007235538594,0.2837571951445514,0,1.3827333329329907
9316,local_quadratic,0.8894672862503489,1.2103305,1.360940977373682,0.023218007235538594,0.12443749271886148,0,1.3078898411137965
9316,regularized,0.8894672862503489,1.2103305,1.3045410434210962,0.023218007235538594,0.07783870454397811,0,1.3045410434210958
2371,constant,0.2308481996266203,1.2151474,1.1277461051940918,0.010544743202335014,0.07192647457122803,0,1.1277461051940918
2371,powerlaw,0.2308481996266203,1.2151474,1.0975607480414262,0.010544743202335014,0.09676738010189026,0,1.062786541663654
2371,local_quadratic,0.2308481996266203,1.2151474,1.0240836214504412,0.010544743202335014,0.15723504685454232,0,0.9093646115863967
2371,regularized,0.2308481996266203,1.2151474,1.110617523129101,0.010544743202335014,0.08602236649703453,0,1.1080707696377665
6483,constant,0.9420563748611144,1.0671363,0.9409313201904297,0.027851645592483276,0.11826508492231369,0,0.9409313797950745
6483,powerlaw,0.9420563748611144,1.0671363,0.8654572283772662,0.027851645592483276,0.18899091113156807,0,0.8228417767122931
6483,local_quadratic,0.9420563748611144,1.0671363,0.8256084400327356,0.027851645592483276,0.22633270974177158,0,0.7357874025487369
6483,regularized,0.9420563748611144,1.0671363,0.8938723659663719,0.027851645592483276,0.1623634429094573,0,0.8938723659663717
5618,constant,0.8463112925830477,1.1013032,1.261130690574646,0.07398115686270891,0.14512576162815094,0,1.2611308097839355
5618,powerlaw,0.8463112925830477,1.1013032,0.7411065057737,0.07398115686270891,0.32706407059129544,0,0.6541164238608929
5618,local_quadratic,0.8463112925830477,1.1013032,1.8440400880824852,0.07398115686270891,0.6744163232586938,0,1.2658404298953008
5618,regularized,0.8463112925830477,1.1013032,1.2304249838969699,0.07398115686270891,0.11724451702388677,0,1.23042498389697
10694,constant,0.969576881949675,1.3109336,1.2832050323486328,0.01501230075887097,0.021151764318346977,0,1.2832050323486328
10694,powerlaw,0.969576881949675,1.3109336,1.4786962567193946,0.01501230075887097,0.12797190343743603,0,1.3235489564741414
10694,local_quadratic,0.969576881949675,1.3109336,1.5797578530053014,0.01501230075887097,0.2050632199326479,0,1.372031570865502
10694,regularized,0.969576881949675,1.3109336,1.5516639246415784,0.01501230075887097,0.18363274581907404,0,1.3702413210050477
4830,constant,1.5742099931119593,0.72787505,0.6908457279205322,0.09826203358424049,0.05087319016456604,0,0.6908456683158875
4830,powerlaw,1.5742099931119593,0.72787505,0.5419774738838914,0.09826203358424049,0.2553976523952852,0,0.4518849136004484
4830,local_quadratic,1.5742099931119593,0.72787505,0.532245706274911,0.09826203358424049,0.26876775974691053,0,0.4237568645952139
4830,regularized,1.5742099931119593,0.72787505,1.0036338869447323,0.09826203358424049,0.37885462840248874,0,0.9954678117029104
9050,constant,1.1111328439316766,1.0078094,1.0941601991653442,0.023232625123194656,0.08568167686462402,0,1.0941601991653442
9050,powerlaw,1.1111328439316766,1.0078094,1.145670666349745,0.023232625123194656,0.13679299450360177,0,1.125865190664696
9050,local_quadratic,1.1111328439316766,1.0078094,1.0900769092514069,0.023232625123194656,0.08163002711360615,0,1.0607984197143385
9050,regularized,1.1111328439316766,1.0078094,1.1093470010947482,0.023232625123194656,0.10075079720432258,0,1.1093470010947484
13059,constant,0.1091917098663344,0.52897435,0.5747842788696289,0.033418940540759653,0.08660140633583069,0,0.5747843384742737
13059,powerlaw,0.1091917098663344,0.52897435,0.46054487144587536,0.033418940540759653,0.12936257168091295,0,0.3474674006450195
13059,local_quadratic,0.1091917098663344,0.52897435,-0.0584340824168638,0.033418940540759653,1.110466758823918,47,-0.7730050589254402
13059,regularized,0.1091917098663344,0.52897435,0.38448753372234096,0.033418940540759653,0.27314522789098533,0,0.37241041854939677
2614,constant,1.3199379450084976,0.94746464,1.1162313222885132,0.04707306677580233,0.17812451720237732,0,1.1162313222885132
2614,powerlaw,1.3199379450084976,0.94746464,1.2362538236926777,0.04707306677580233,0.30480206341793215,0,1.1405323525822768
2614,local_quadratic,1.3199379450084976,0.94746464,1.6881628652995442,0.04707306677580233,0.7817687175671387,0,1.30156903372717
2614,regularized,1.3199379450084976,0.94746464,1.3730959894573032,0.04707306677580233,0.44923190204033514,0,1.3360846789900191
11547,constant,1.4122976670342766,0.95838046,1.0553803443908691,0.04761560772062215,0.10121229290962219,0,1.0553802251815796
11547,powerlaw,1.4122976670342766,0.95838046,1.0627701444296376,0.04761560772062215,0.10892300914606809,0,1.031514002178569
11547,local_quadratic,1.4122976670342766,0.95838046,1.2243900129573715,0.04761560772062215,0.2775615354397773,0,1.1023616236249725
11547,regularized,1.4122976670342766,0.95838046,1.2403687742854073,0.04761560772062215,0.2942342056189173,0,1.2403687742854073
12610,constant,0.1611857704950963,0.67400646,0.7345463037490845,0.007474160911659127,0.08982086181640625,0,0.7345463037490845
12610,powerlaw,0.1611857704950963,0.67400646,0.7064440057051747,0.007474160911659127,0.048126457878575085,0,0.6753892920516031
12610,local_quadratic,0.1611857704950963,0.67400646,0.714075039401946,0.007474160911659127,0.05944835777999056,0,0.6893828219292706
12610,regularized,0.1611857704950963,0.67400646,0.730298719815462,0.007474160911659127,0.0835188694528847,0,0.7302987198154619
2954,constant,0.08748718087164,0.54715353,0.5674630403518677,0.009279602551534639,0.03711847960948944,0,0.5674629807472229
2954,powerlaw,0.08748718087164,0.54715353,0.5254140073829358,0.009279602551534639,0.039732038323081795,0,0.4638196248684666
2954,local_quadratic,0.08748718087164,0.54715353,0.5438123084867658,0.009279602551534639,0.00610655660573459,0,0.49589882072950026
2954,regularized,0.08748718087164,0.54715353,0.5742454823623503,0.009279602551534639,0.049514346975481814,0,0.5742454823623503
12021,constant,1.4598801742731555,1.2343174,0.7632548809051514,0.07685733389880886,0.3816380798816681,0,0.7632548809051514
12021,powerlaw,1.4598801742731555,1.2343174,0.7592441429212108,0.07685733389880886,0.3848874451237915,0,0.6781103686166179
12021,local_quadratic,1.4598801742731555,1.2343174,0.7891381065936239,0.07685733389880886,0.36066842079366535,0,0.7073096897782685
12021,regularized,1.4598801742731555,1.2343174,0.8449932144678592,0.07685733389880886,0.31541660235326613,0,0.8449932144678592
11626,constant,1.3557217775920387,1.1435546,0.96388179063797,0.03846712889750923,0.1571177989244461,0,0.9638818502426147
11626,powerlaw,1.3557217775920387,1.1435546,1.0623948948794004,0.03846712889750923,0.0709714041303868,0,0.980407600359968
11626,local_quadratic,1.3557217775920387,1.1435546,1.138815012493739,0.03846712889750923,0.004144582102501392,0,1.0046463173737408
11626,regularized,1.3557217775920387,1.1435546,0.987145171656578,0.03846712889750923,0.13677475563577182,0,0.9810267325415142
1663,constant,1.1588806775354,1.0077261,0.8419623374938965,0.04398067403119476,0.16449284553527832,0,0.8419622778892517
1663,powerlaw,1.1588806775354,1.0077261,0.936436447541527,0.04398067403119476,0.07074305966160749,0,0.8787250756856843
1663,local_quadratic,1.1588806775354,1.0077261,0.5053093562063967,0.04398067403119476,0.4985647691250334,0,0.019826930001651255
1663,regularized,1.1588806775354,1.0077261,0.6678554505060392,0.04398067403119476,0.33726488951292194,0,0.4374371735352293
2097,constant,1.410232110592226,1.0101329,1.114402174949646,0.07533388370986398,0.10322331637144089,0,1.1144022941589355
2097,powerlaw,1.410232110592226,1.0101329,1.118320920281202,0.07533388370986398,0.10710274906928706,0,1.0811529470592232
2097,local_quadratic,1.410232110592226,1.0101329,1.243233695115539,0.07533388370986398,0.23076249101366028,0,1.1340566051709167
2097,regularized,1.410232110592226,1.0101329,1.1249708095484352,0.07533388370986398,0.11368593154870374,0,1.1249708095484352
10907,constant,1.1763457803490371,1.0063314,1.1061227321624756,0.0519808666180994,0.09916344285011292,0,1.1061227321624756
10907,powerlaw,1.1763457803490371,1.0063314,1.297006809564697,0.0519808666180994,0.2888465500832642,0,1.2385649901543172
10907,local_quadratic,1.1763457803490371,1.0063314,0.8899869866192963,0.0519808666180994,0.11561246335456257,0,0.6243074081802481
10907,regularized,1.1763457803490371,1.0063314,1.1909637482434596,0.0519808666180994,0.1834706702218353,0,1.1909637482434599
10376,constant,0.9599136024266572,1.2804024,1.3185338973999023,0.01850029351833777,0.029780851677060127,0,1.3185337781906128
10376,powerlaw,0.9599136024266572,1.2804024,1.4972890530677154,0.01850029351833777,0.1693894258540162,0,1.3353874197232496
10376,local_quadratic,0.9599136024266572,1.2804024,1.613288313132446,0.01850029351833777,0.25998536512750753,0,1.3852379897165779
10376,regularized,0.9599136024266572,1.2804024,1.5122736884200263,0.01850029351833777,0.1810924928706146,0,1.3789407679345382
2471,constant,0.6400707610566108,1.1995946,1.1771163940429688,0.008747120848410532,0.01873818226158619,0,1.1771162748336792
2471,powerlaw,0.6400707610566108,1.1995946,1.269983522406049,0.008747120848410532,0.05867724356631766,0,1.2075998257862748
2471,local_quadratic,0.6400707610566108,1.1995946,1.3129125788706226,0.008747120848410532,0.09446354658914277,0,1.2191415593762054
2471,regularized,0.6400707610566108,1.1995946,1.1550907846292955,0.008747120848410532,0.03709905966070265,0,1.1397824321390553
9894,constant,0.9757643441405128,0.89961493,0.8593696355819702,0.057382869898956634,0.04473613575100899,0,0.859369695186615
9894,powerlaw,0.9757643441405128,0.89961493,0.7339380337639148,0.057382869898956634,0.18416423609245888,0,0.6123893737906485
9894,local_quadratic,0.9757643441405128,0.89961493,0.2671809529136212,0.057382869898956634,0.7030052037173141,16,-0.44341317468288843
9894,regularized,0.9757643441405128,0.89961493,0.47430007823993164,0.057382869898956634,0.4727743367272456,0,0.09451343762100761
1826,constant,1.2550536193928197,1.0112947,1.135775089263916,0.04538969707095788,0.12309009581804276,0,1.135775089263916
1826,powerlaw,1.2550536193928197,1.0112947,1.3259111968646309,0.04538969707095788,0.3111026561199216,0,1.1859700060426528
1826,local_quadratic,1.2550536193928197,1.0112947,1.4163729583342923,0.04538969707095788,0.4005540884787577,0,1.222509450404974
1826,regularized,1.2550536193928197,1.0112947,1.2410227201743222,0.04538969707095788,0.22716226288256014,0,1.2098491348363791
3130,constant,1.2994269579472322,1.0684936,0.959621012210846,0.06093147992738863,0.10189353674650192,0,0.959621012210846
3130,powerlaw,1.2994269579472322,1.0684936,0.9698684558958558,0.06093147992738863,0.092302984626247,0,0.9484089794361517
3130,local_quadratic,1.2994269579472322,1.0684936,1.2155451722299861,0.06093147992738863,0.13762512656006004,0,1.060365963196131
3130,regularized,1.2994269579472322,1.0684936,1.3822715065284463,0.06093147992738863,0.29366380902976746,0,1.312157513495945
7211,constant,1.0293090982372708,1.0550082,1.0524519681930542,0.015529240488941857,0.002422924153506756,0,1.0524519681930542
7211,powerlaw,1.0293090982372708,1.0550082,1.065780674414041,0.015529240488941857,0.010210822722472722,0,1.0589525236523665
7211,local_quadratic,1.0293090982372708,1.0550082,1.0169506814531,0.015529240488941857,0.03607317223711436,0,0.9771576423316327
7211,regularized,1.0293090982372708,1.0550082,1.215023583199254,0.015529240488941857,0.15167219961626516,0,1.152531395351555
9142,constant,0.7286483659648816,1.2090867,1.0761164426803589,0.012243075494843212,0.10997575521469116,0,1.0761164426803589
9142,powerlaw,0.7286483659648816,1.2090867,1.0332988330192734,0.012243075494843212,0.14538893684409854,0,0.961408881705303
9142,local_quadratic,0.7286483659648816,1.2090867,0.9133127526145961,0.012243075494843212,0.24462589372609486,0,0.7083024111850438
9142,regularized,0.7286483659648816,1.2090867,0.9133127526145961,0.012243075494843212,0.24462589372609486,0,0.7083024111850438
6834,constant,1.139020693558488,1.1987667,1.8029427528381348,0.36910388998073485,0.5039980411529541,0,1.8029426336288452
6834,powerlaw,1.139020693558488,1.1987667,2.5782386027364175,0.36910388998073485,1.1507425796245832,0,1.8486362665125793
6834,local_quadratic,1.139020693558488,1.1987667,2.927000794029954,0.36910388998073485,1.4416767445936691,0,1.9850423696075132
6834,regularized,1.139020693558488,1.1987667,3.1256602133741582,0.36910388998073485,1.6073965781162909,0,2.9942646611284154
7090,constant,0.8998836003495644,0.9993819,0.9427663087844849,0.016812990091086406,0.05665060505270958,0,0.9427663683891296
7090,powerlaw,0.8998836003495644,0.9993819,0.9098390234611451,0.016812990091086406,0.08959825707013121,0,0.8698516534385439
7090,local_quadratic,0.8998836003495644,0.9993819,0.8201600720927457,0.016812990091086406,0.17933267329612462,0,0.6826377027750621
7090,regularized,0.8998836003495644,0.9993819,0.8885495808180431,0.016812990091086406,0.11090086685988727,0,0.862937502170928
3767,constant,0.9522972578171304,1.3108444,1.2623432874679565,0.013564346638760582,0.036999914795160294,0,1.2623432874679565
3767,powerlaw,0.9522972578171304,1.3108444,1.4584958186175934,0.013564346638760582,0.1126383839469499,0,1.3110513488606999
3767,local_quadratic,0.9522972578171304,1.3108444,1.5236571740851796,0.013564346638760582,0.16234783413376402,0,1.3410766379360033
3767,regularized,0.9522972578171304,1.3108444,1.5199575408008477,0.013564346638760582,0.1595255058513442,0,1.3408632941707563
11805,constant,0.6413339138962116,1.1902447,1.1525349617004395,0.01001521433861351,0.031682319939136505,0,1.1525349617004395
11805,powerlaw,0.6413339138962116,1.1902447,1.2317602602635476,0.01001521433861351,0.03487987509122917,0,1.1815894422809716
11805,local_quadratic,0.6413339138962116,1.1902447,1.3310157487048793,0.01001521433861351,0.11827070266859137,0,1.2104544469012737
11805,regularized,0.6413339138962116,1.1902447,1.1962062735893004,0.01001521433861351,0.005008717143198243,0,1.1962062735893004
10207,constant,0.2101609717681302,0.6048705,0.5961914658546448,0.02238256621006753,0.014348579570651054,0,0.5961914658546448
10207,powerlaw,0.2101609717681302,0.6048705,0.5903876098119556,0.02238256621006753,0.023943783689239554,0,0.49804056365403704
10207,local_quadratic,0.2101609717681302,0.6048705,0.2846760819686071,0.02238256621006753,0.5293602798863755,16,-0.1703631041211593
10207,regularized,0.2101609717681302,0.6048705,0.5141827031556099,0.02238256621006753,0.14992927460934602,0,0.49801742685909534
8367,constant,0.6943668100425632,0.92231125,0.9226788878440857,0.022467996401708098,0.0003986088850069791,0,0.9226788878440857
8367,powerlaw,0.6943668100425632,0.92231125,0.8242355698577662,0.022467996401708098,0.10633685420261044,0,0.7199100378583111
8367,local_quadratic,0.6943668100425632,0.92231125,0.8171852809541533,0.022467996401708098,0.11398100787759732,0,0.6780268023810518
8367,regularized,0.6943668100425632,0.92231125,0.9010457064319337,0.022467996401708098,0.023056793513355225,0,0.9010457064319337
10027,constant,1.0312265519822086,0.9087143,0.964775800704956,0.04255179476232331,0.0616932138800621,0,0.9647758603096008
10027,powerlaw,1.0312265519822086,0.9087143,0.8266752946764642,0.04255179476232331,0.09028030070580645,0,0.7456421982914708
10027,local_quadratic,1.0312265519822086,0.9087143,1.2507303003282808,0.04255179476232331,0.3763735290505883,0,1.0368788544680678
10027,regularized,1.0312265519822086,0.9087143,1.2507303003282808,0.04255179476232331,0.3763735290505883,0,1.0368788544680678
1198,constant,1.2600984834443136,0.95256656,1.0629469156265259,0.08918639891423365,0.11587678641080856,0,1.0629467964172363
1198,powerlaw,1.2600984834443136,0.95256656,1.1826020041106329,0.08918639891423365,0.24149014746172198,0,1.115364593063209
1198,local_quadratic,1.2600984834443136,0.95256656,1.1815690614719747,0.08918639891423365,0.24040576902812408,0,1.1178152535278945
1198,regularized,1.2600984834443136,0.95256656,1.048675890052311,0.08918639891423365,0.1008951285852894,0,1.0486758900523112
10995,constant,0.3222977257236356,1.1475639,1.1234533786773682,0.003501125272910122,0.021010207012295723,0,1.1234532594680786
10995,powerlaw,0.3222977257236356,1.1475639,1.1373771899302798,0.003501125272910122,0.008876842580342622,0,1.1323956406856621
10995,local_quadratic,0.3222977257236356,1.1475639,1.0741224951480575,0.003501125272910122,0.06399768847845315,0,1.010294089282367
10995,regularized,0.3222977257236356,1.1475639,1.1182579465091873,0.003501125272910122,0.02553756434859771,0,1.1182579465091873
7120,constant,0.8099991799392746,1.1129438,1.189417839050293,0.02021500591986331,0.06871332973241806,0,1.1894177198410034
7120,powerlaw,0.8099991799392746,1.1129438,1.158597239070245,0.02021500591986331,0.04102046470006424,0,1.1370427306347335
7120,local_quadratic,0.8099991799392746,1.1129438,1.3987257611692332,0.02021500591986331,0.25678026218053474,0,1.221711797809654
7120,regularized,0.8099991799392746,1.1129438,1.2827558270970811,0.02021500591986331,0.15257918989426808,0,1.215292406766698
5062,constant,1.3977207392766136,1.1387513,1.1301854848861694,0.08376141843346478,0.007522084750235081,0,1.1301854848861694
5062,powerlaw,1.3977207392766136,1.1387513,0.9811192793044535,0.08376141843346478,0.13842530274911513,0,0.9279843943122544
5062,local_quadratic,1.3977207392766136,1.1387513,1.0339775601053969,0.08376141843346478,0.09200754474668271,0,1.0325220280686878
5062,regularized,1.3977207392766136,1.1387513,1.0323981320875062,0.08376141843346478,0.09339452719117043,0,1.032398132087506
5764,constant,1.298485565755707,1.012755,1.1835070848464966,0.03288961468104607,0.16860152781009674,0,1.1835070848464966
5764,powerlaw,1.298485565755707,1.012755,1.219850501147465,0.03288961468104607,0.2044872228322331,0,1.1323135391928765
5764,local_quadratic,1.298485565755707,1.012755,1.4417071441598424,0.03288961468104607,0.4235497157832087,0,1.2230970702928161
5764,regularized,1.298485565755707,1.012755,0.9232109195991084,0.03288961468104607,0.08841636283273087,0,0.7702221067819768
6206,constant,1.0788206924208763,0.88761246,0.7561988234519958,0.06443043780706362,0.14805294573307037,0,0.7561989426612854
6206,powerlaw,1.0788206924208763,0.88761246,0.739658400328283,0.06443043780706362,0.16668767963758555,0,0.6022108676110067
6206,local_quadratic,1.0788206924208763,0.88761246,0.3151830233278016,0.06443043780706362,0.6449091953913304,12,-0.3120427707451997
6206,regularized,1.0788206924208763,0.88761246,0.8355223851165603,0.06443043780706362,0.05868560791413686,0,0.8285618217788416
8221,constant,1.2982757833909653,0.9020836,0.9430046081542969,0.05058465731521443,0.045362796634435654,0,0.9430044293403625
8221,powerlaw,1.2982757833909653,0.9020836,0.9284992193497581,0.05058465731521443,0.029282922708083112,0,0.8831988571841578
8221,local_quadratic,1.2982757833909653,0.9020836,0.9455809916186121,0.05058465731521443,0.04821883145147747,0,0.9028911419613627
8221,regularized,1.2982757833909653,0.9020836,0.9737735370527546,0.05058465731521443,0.07947152930873193,0,0.9737735370527545
883,constant,1.2041886999755314,1.0672861,1.0014725923538208,0.04234776072699277,0.061664383858442307,0,1.0014727115631104
883,powerlaw,1.2041886999755314,1.0672861,1.0895987007563115,0.04234776072699277,0.020905890448892038,0,1.0465164257984965
883,local_quadratic,1.2041886999755314,1.0672861,1.1620378123819213,0.04234776072699277,0.08877814076099069,0,1.0720276525620602
883,regularized,1.2041886999755314,1.0672861,1.0799609344374768,0.04234776072699277,0.011875728795029294,0,1.0664433171835856
9882,constant,1.206969574045493,1.0564277,0.9828971028327942,0.03967874600280715,0.0696030706167221,0,0.982897162437439
9882,powerlaw,1.206969574045493,1.0564277,1.0862544988247875,0.03967874600280715,0.028233622736375332,0,1.0332454767704533
9882,local_quadratic,1.206969574045493,1.0564277,1.1112743362829205,0.03967874600280715,0.05191705800654857,0,1.0394906623642584
9882,regularized,1.206969574045493,1.0564277,1.0684775090709426,0.03967874600280715,0.011406167848299658,0,1.0684775090709429
2960,constant,1.022506050607577,0.73778814,1.0686120986938477,0.05410909894216858,0.4483996629714966,0,1.0686122179031372
2960,powerlaw,1.022506050607577,0.73778814,0.8684101499918084,0.05410909894216858,0.17704541724002537,0,0.7929080899453893
2960,local_quadratic,1.022506050607577,0.73778814,1.3937416664225815,0.05410909894216858,0.889081145924711,0,1.1210436160499289
2960,regularized,1.022506050607577,0.73778814,1.1027203352651425,0.05410909894216858,0.4946300629183844,0,1.1027203352651425
8491,constant,1.240984361341422,1.1480932,1.086705207824707,0.0564780735417639,0.05346953868865967,0,1.086705207824707
8491,powerlaw,1.240984361341422,1.1480932,1.2934082587281894,0.0564780735417639,0.12657076287266072,0,1.1567689278821671
8491,local_quadratic,1.240984361341422,1.1480932,1.3061254669408582,0.0564780735417639,0.13764757088055476,0,1.163967747501096
8491,regularized,1.240984361341422,1.1480932,1.0831263579148038,0.0564780735417639,0.05658675125253178,0,1.0831263579148038
11733,constant,0.6436856515393939,1.1738482,1.1516093015670776,0.009981722595206046,0.018945252522826195,0,1.1516093015670776
11733,powerlaw,0.6436856515393939,1.1738482,1.2307995052861391,0.009981722595206046,0.04851679752672187,0,1.1902686919071772
11733,local_quadratic,0.6436856515393939,1.1738482,1.2732960259083232,0.009981722595206046,0.08471953852347078,0,1.2024871828005572
11733,regularized,0.6436856515393939,1.1738482,1.1183633984405796,0.009981722595206046,0.04726740304351703,0,1.101314118148706
8900,constant,0.7381922756300497,0.8423284,0.7749564051628113,0.06425884793952169,0.07998308539390564,0,0.774956464767456
8900,powerlaw,0.7381922756300497,0.8423284,0.8352993666232603,0.06425884793952169,0.008344800383073827,0,0.7628165789756552
8900,local_quadratic,0.7381922756300497,0.8423284,0.5762383944091625,0.06425884793952169,0.31589820025269655,0,0.22231468755187378
8900,regularized,0.7381922756300497,0.8423284,0.45725052693756185,0.06425884793952169,0.45715885743066487,0,0.45725052693756185
4778,constant,0.9950027401956342,1.2334363,1.2978347539901733,0.020119425487967746,0.05221056565642357,0,1.2978347539901733
4778,powerlaw,0.9950027401956342,1.2334363,1.3170740160860288,0.020119425487967746,0.06780866341381897,0,1.2278894173947714
4778,local_quadratic,0.9950027401956342,1.2334363,2.1366272417014858,0.020119425487967746,0.7322557816111334,0,1.5047033996645338
4778,regularized,0.9950027401956342,1.2334363,2.1366272417014858,0.020119425487967746,0.7322557816111334,0,1.5047033996645338
5801,constant,1.1501859647943973,0.915106,1.0352625846862793,0.06451907127924793,0.13130345940589905,0,1.0352625846862793
5801,powerlaw,1.1501859647943973,0.915106,1.2362939291010535,0.06451907127924793,0.350984400829852,0,1.1655765092138128
5801,local_quadratic,1.1501859647943973,0.915106,0.7860697540047085,0.06451907127924793,0.141006883050288,0,0.4663954941189703
5801,regularized,1.1501859647943973,0.915106,0.9271282226742762,0.06451907127924793,0.013137520874836819,0,0.9271282226742762
6038,constant,0.860718732574633,0.9842215,0.9782525897026062,0.015550153479225212,0.0060646189376711845,0,0.978252649307251
6038,powerlaw,0.860718732574633,0.9842215,0.9810197722620343,0.015550153479225212,0.0032530743526579917,0,0.9667236095440739
6038,local_quadratic,0.860718732574633,0.9842215,0.7783355866838694,0.015550153479225212,0.20918657800319357,0,0.5528291531579205
6038,regularized,0.860718732574633,0.9842215,0.925534334704711,0.015550153479225212,0.059628023020550244,0,0.9198390837959002
12042,constant,0.9776785035254671,0.8913535,1.00981605052948,0.05325884384784483,0.1329018920660019,0,1.00981605052948
12042,powerlaw,0.9776785035254671,0.8913535,0.8553583474911649,0.05325884384784483,0.040382565349375954,0,0.7622025359112022
12042,local_quadratic,0.9776785035254671,0.8913535,0.8769855612671861,0.05325884384784483,0.016119224185688487,0,0.7852170130872257
12042,regularized,0.9776785035254671,0.8913535,0.8842784511014743,0.05325884384784483,0.007937408629090367,0,0.8035695046495387
6665,constant,0.6320899487101315,1.1470895,1.1373075246810913,0.007773641380520902,0.008527631871402264,0,1.1373075246810913
6665,powerlaw,0.6320899487101315,1.1470895,1.2173742258621505,0.007773641380520902,0.06127224218414315,0,1.1515655071112132
6665,local_quadratic,0.6320899487101315,1.1470895,1.2419054854053386,0.007773641380520902,0.08265789687102694,0,1.1572231437832643
6665,regularized,0.6320899487101315,1.1470895,1.155611076058993,0.007773641380520902,0.007428884009272195,0,1.1556110760589933
9552,constant,0.9931782033669452,0.82209206,1.1760164499282837,0.06436998782968387,0.4305167496204376,0,1.1760164499282837
9552,powerlaw,0.9931782033669452,0.82209206,1.0394645995995178,0.06436998782968387,0.2644138714953655,0,1.0393544437941367
9552,local_quadratic,0.9931782033669452,0.82209206,1.4623831830628997,0.06436998782968387,0.7788557521041861,0,1.2158011608454258
9552,regularized,0.9931782033669452,0.82209206,1.2212980986950155,0.06436998782968387,0.48559773735041,0,1.2000819581780306
9685,constant,0.8607124842411852,1.0581396,1.1356422901153564,0.01416233065212092,0.07324433326721191,0,1.1356422901153564
9685,powerlaw,0.8607124842411852,1.0581396,1.2167045116946043,0.01416233065212092,0.14985258532168977,0,1.170953270694876
9685,local_quadratic,0.8607124842411852,1.0581396,1.0327436926616274,0.01416233065212092,0.024000491846859415,0,0.9193881001030173
9685,regularized,0.8607124842411852,1.0581396,1.0344296900326524,0.01416233065212092,0.022407131735768353,0,0.9236575303331833
5230,constant,0.9269875721644432,1.2175139,1.2623919248580933,0.017657008670214337,0.03686036542057991,0,1.2623920440673828
5230,powerlaw,0.9269875721644432,1.2175139,1.5070660601119155,0.017657008670214337,0.23782244847141118,0,1.344129077520143
5230,local_quadratic,0.9269875721644432,1.2175139,1.4882790519531084,0.017657008670214337,0.22239181735703256,0,1.3386208439622251
5230,regularized,0.9269875721644432,1.2175139,1.4882790519531084,0.017657008670214337,0.22239181735703256,0,1.3386208439622251
4817,constant,1.276893570968144,0.974968,1.1975841522216797,0.05777451413998243,0.22833172976970673,0,1.1975842714309692
4817,powerlaw,1.276893570968144,0.974968,1.4411458567003208,0.05777451413998243,0.4781468036199932,0,1.1883702880882683
4817,local_quadratic,1.276893570968144,0.974968,1.7183091273412738,0.05777451413998243,0.7624261502760065,0,1.3056796809982751
4817,regularized,1.276893570968144,0.974968,1.2679372632145562,0.05777451413998243,0.30049113633958036,0,1.2655101982092105
10039,constant,0.8519213513153197,1.184931,0.8186450600624084,0.03256098009601602,0.3091200888156891,0,0.8186451196670532
10039,powerlaw,0.8519213513153197,1.184931,0.7498652762827883,0.03256098009601602,0.36716547116285136,0,0.6609238347589691
10039,local_quadratic,0.8519213513153197,1.184931,0.8714124067833365,0.03256098009601602,0.2645880836044839,0,0.8589455627881807
10039,regularized,0.8519213513153197,1.184931,0.8581653022277719,0.03256098009601602,0.27576772538151656,0,0.858165302227772
995,constant,1.0354577720635554,0.94116354,1.0518041849136353,0.05399324577315923,0.11755730211734772,0,1.0518041849136353
995,powerlaw,1.0354577720635554,0.94116354,1.0514744558856597,0.05399324577315923,0.11720695854037338,0,1.0436231375887788
995,local_quadratic,1.0354577720635554,0.94116354,1.1307279246416047,0.05399324577315923,0.20141492601593528,0,1.0713991951384745
995,regularized,1.0354577720635554,0.94116354,1.125004972622941,0.05399324577315923,0.1953342059538789,0,1.0710365562495392
8321,constant,0.9333229848383618,0.8981396,0.8438639640808105,0.04153061174893856,0.06043117493391037,0,0.8438640236854553
8321,powerlaw,0.9333229848383618,0.8981396,0.8094805571930741,0.04153061174893856,0.0987140965487268,0,0.7479463922811304
8321,local_quadratic,0.9333229848383618,0.8981396,0.8082428094517539,0.04153061174893856,0.10009222055846073,0,0.7623517560503716
8321,regularized,0.9333229848383618,0.8981396,0.9341435858835955,0.04153061174893856,0.04008729829874647,0,0.9341435858835957
8918,constant,0.9563082014018074,1.2554239,1.2501273155212402,0.018121232840375298,0.004218963906168938,0,1.2501273155212402
8918,powerlaw,0.9563082014018074,1.2554239,1.3709018814791196,0.018121232840375298,0.09198325577129901,0,1.2623207568031876
8918,local_quadratic,0.9563082014018074,1.2554239,1.4578558078503627,0.018121232840375298,0.16124585793398638,0,1.3071830878008477
8918,regularized,0.9563082014018074,1.2554239,1.4534622034854268,0.018121232840375298,0.15774616006077516,0,1.306911920649411
10765,constant,0.1009551187790436,0.6058854,0.775357723236084,0.051179888208331484,0.27971023321151733,0,0.7753577828407288
10765,powerlaw,0.1009551187790436,0.6058854,0.861299511544086,0.051179888208331484,0.42155518317823926,0,0.7686188603039391
10765,local_quadratic,0.1009551187790436,0.6058854,0.5098188552534063,0.051179888208331484,0.15855561688614714,0,0.22561614724960688
10765,regularized,0.1009551187790436,0.6058854,0.5200188306877334,0.051179888208331484,0.1417207902635662,0,0.5200188306877332
1115,constant,0.8387782491234369,1.197836,1.1571823358535767,0.01870733754687797,0.033939290791749954,0,1.157182216644287
1115,powerlaw,0.8387782491234369,1.197836,1.283652121404051,0.01870733754687797,0.07164259296258355,0,1.2505063083928276
1115,local_quadratic,0.8387782491234369,1.197836,0.9714701579270728,0.01870733754687797,0.18897902191130725,0,0.7104044626599102
1115,regularized,0.8387782491234369,1.197836,0.9883570555753017,0.01870733754687797,0.1748811845914517,0,0.7534363459660343
3600,constant,1.599478119757917,1.3835065,1.1068004369735718,0.09915831478229038,0.2000034600496292,0,1.1068005561828613
3600,powerlaw,1.599478119757917,1.3835065,0.9611175025273014,0.09915831478229038,0.3053032441971552,0,0.7898842347147614
3600,local_quadratic,1.599478119757917,1.3835065,0.8112434010552091,0.09915831478229038,0.41363240457322625,0,0.4807781262056743
3600,regularized,1.599478119757917,1.3835065,1.034628626296846,0.09915831478229038,0.2521693255411755,0,1.0250285966619843
1269,constant,1.502947374685064,1.0057038,0.8000116348266602,0.08544355065088363,0.20452560484409332,0,0.8000116348266602
1269,powerlaw,1.502947374685064,1.0057038,0.8592130054296568,0.08544355065088363,0.14565998502318062,0,0.8546169348410234
1269,local_quadratic,1.502947374685064,1.0057038,0.7427905739369309,0.08544355065088363,0.2614221315882168,0,0.6443799821192724
1269,regularized,1.502947374685064,1.0057038,0.8067416854519365,0.08544355065088363,0.19783371611469533,0,0.8067416854519366
12634,constant,1.4957122019294429,0.85911673,0.9226537942886353,0.09183041220135972,0.07395625859498978,0,0.9226537942886353
12634,powerlaw,1.4957122019294429,0.85911673,0.9000682576455933,0.09183041220135972,0.04766700844583447,0,0.8629293288319275
12634,local_quadratic,1.4957122019294429,0.85911673,1.3667718109035603,0.09183041220135972,0.5909034922563124,0,1.068622110931119
12634,regularized,1.4957122019294429,0.85911673,1.0441405565980506,0.09183041220135972,0.21536517262536523,0,1.0441405565980506
9864,constant,1.1688100718950942,1.1376626,0.6158936023712158,0.0892284501299289,0.4586324691772461,0,0.615893542766571
9864,powerlaw,1.1688100718950942,1.1376626,0.6198556759409799,0.0892284501299289,0.45514984041924744,0,0.5122687402218182
9864,local_quadratic,1.1688100718950942,1.1376626,0.26387732429238003,0.0892284501299289,0.7680531003734251,11,-0.21218036667865858
9864,regularized,1.1688100718950942,1.1376626,0.5594945271321192,0.0892284501299289,0.508207000073484,0,0.5594945271321192
570,constant,0.4272179256330277,1.1269046,1.0911121368408203,0.004073436713073766,0.03176175802946091,0,1.0911122560501099
570,powerlaw,0.4272179256330277,1.1269046,1.0655332754767353,0.004073436713073766,0.05446009446677728,0,1.0263213824796737
570,local_quadratic,0.4272179256330277,1.1269046,1.0063058402440845,0.004073436713073766,0.10701772434445478,0,0.895596995920235
570,regularized,0.4272179256330277,1.1269046,1.0800021331134841,0.004073436713073766,0.041620624693386905,0,1.0800021331134841
11141,constant,0.2109286564441036,0.61882436,0.7070260643959045,0.01319937488828288,0.14253108203411102,0,0.7070260047912598
11141,powerlaw,0.2109286564441036,0.61882436,0.6768306632496578,0.01319937488828288,0.09373629091881458,0,0.6426807408302898
11141,local_quadratic,0.2109286564441036,0.61882436,0.7217077784952599,0.01319937488828288,0.16625624641284614,0,0.7094282302573721
11141,regularized,0.2109286564441036,0.61882436,0.7095873069010712,0.01319937488828288,0.14666995937619492,0,0.7089585168913716
9115,constant,1.2135257797503598,0.94860697,0.9584329128265381,0.11171170850203875,0.010358288884162903,0,0.9584329724311829
9115,powerlaw,1.2135257797503598,0.94860697,0.9616934525981307,0.11171170850203875,0.013795476013334307,0,0.9298680222093956
9115,local_quadratic,1.2135257797503598,0.94860697,0.8437253786487099,0.11171170850203875,0.11056379809925075,0,0.7662751875002783
9115,regularized,1.2135257797503598,0.94860697,0.8756430653992009,0.11171170850203875,0.0769168949774301,0,0.8494083794039055
5684,constant,0.9531755369514938,1.2873476,1.2769765853881836,0.0237463576030033,0.008056076243519783,0,1.2769767045974731
5684,powerlaw,0.9531755369514938,1.2873476,1.4843714977644233,0.0237463576030033,0.15304642620720516,0,1.3257089282860641
5684,local_quadratic,0.9531755369514938,1.2873476,1.603027881044446,0.0237463576030033,0.245217637318277,0,1.3728782935890504
5684,regularized,0.9531755369514938,1.2873476,1.4746283030412373,0.0237463576030033,0.1454780001950307,0,1.3648307170718197
11163,constant,1.1799449241093811,1.1153132,0.9502066969871521,0.06002601238973582,0.14803597331047058,0,0.9502067565917969
11163,powerlaw,1.1799449241093811,1.1153132,1.1818817609550336,0.06002601238973582,0.05968600592688404,0,1.1060870442613095
11163,local_quadratic,1.1799449241093811,1.1153132,0.897641619153244,0.06002601238973582,0.19516630717306346,0,0.7488249094888524
11163,regularized,1.1799449241093811,1.1153132,1.1616483011087189,0.06002601238973582,0.041544500609721424,0,1.1616483011087189
2534,constant,1.1602872438685583,0.8815273,0.837313711643219,0.05624593002195036,0.05015566945075989,0,0.8373138308525085
2534,powerlaw,1.1602872438685583,0.8815273,1.021409504247378,0.05624593002195036,0.15868164135161564,0,1.0003291077660679
2534,local_quadratic,1.1602872438685583,0.8815273,0.4094728615336474,0.05624593002195036,0.5354961107001396,9,-0.21651734869278505
2534,regularized,1.1602872438685583,0.8815273,0.7858674081368023,0.05624593002195036,0.10851609020846102,0,0.7858674081368023
4739,constant,1.4867761244674875,1.403468,0.8818854093551636,0.1427512943301393,0.37163838744163513,0,0.8818854689598083
4739,powerlaw,1.4867761244674875,1.403468,0.6777495311765132,0.1427512943301393,0.5170894348923183,0,0.5317475022493577
4739,local_quadratic,1.4867761244674875,1.403468,0.3948944070495417,0.1427512943301393,0.7186295637340817,2,-0.020966282100082112
4739,regularized,1.4867761244674875,1.403468,0.6521375520952203,0.1427512943301393,0.5353384999565213,0,0.6521375520952204
830,constant,0.9710300108721472,1.3337065,-0.1616518795490265,0.13132141907310238,1.1212049722671509,41,-0.16165189445018768
830,powerlaw,0.9710300108721472,1.3337065,0.35782409208105287,0.13132141907310238,0.7317070190641998,0,0.21620191829946558
830,local_quadratic,0.9710300108721472,1.3337065,-1.1975076236810982,0.13132141907310238,1.8978794250052131,41,-2.896538676689624
830,regularized,0.9710300108721472,1.3337065,0.3584462885365792,0.13132141907310238,0.7312405022882891,0,0.34970129771811653
1222,constant,1.0373320828872827,0.7740451,0.8300402760505676,0.06912526399250812,0.0723409578204155,0,0.8300403356552124
1222,powerlaw,1.0373320828872827,0.7740451,0.6395650421246368,0.06912526399250812,0.1737367317879434,0,0.47615647401620387
1222,local_quadratic,1.0373320828872827,0.7740451,0.04084382597045986,0.06912526399250812,0.9472332743194867,23,-0.768492275373819
1222,regularized,1.0373320828872827,0.7740451,0.5694724875040048,0.06912526399250812,0.26429031030402683,0,0.5694724875040047
6500,constant,1.5179421133179505,1.0213908,0.8644102215766907,0.04168496188224292,0.15369296073913574,0,0.8644102215766907
6500,powerlaw,1.5179421133179505,1.0213908,0.7062861987959821,0.04168496188224292,0.30850542048735663,0,0.6215176758727753
6500,local_quadratic,1.5179421133179505,1.0213908,0.77449154652151,0.04168496188224292,0.24172848455631596,0,0.7270003724115369
6500,regularized,1.5179421133179505,1.0213908,0.47203302399589214,0.04168496188224292,0.5378526750196244,0,0.3027581615390702
12665,constant,1.0882337853642623,1.0546758,1.1558722257614136,0.0362880223533833,0.09595025330781937,0,1.1558722257614136
12665,powerlaw,1.0882337853642623,1.0546758,1.2090691371183218,0.0362880223533833,0.14638936161084082,0,1.1548627378671636
12665,local_quadratic,1.0882337853642623,1.0546758,1.220109251037655,0.0362880223533833,0.15685714112778407,0,1.1617657126563454
12665,regularized,1.0882337853642623,1.0546758,1.1593038578869341,0.0362880223533833,0.09920398160483987,0,1.1577970410648841
5694,constant,1.5671882911500097,0.76302826,0.7847492098808289,0.059579567430107304,0.028466764837503433,0,0.7847492694854736
5694,powerlaw,1.5671882911500097,0.76302826,0.7799439296449404,0.059579567430107304,0.022169120590022618,0,0.7701364898836
5694,local_quadratic,1.5671882911500097,0.76302826,0.6434493430855642,0.059579567430107304,0.15671624053101493,0,0.45207019869835896
5694,regularized,1.5671882911500097,0.76302826,0.8025464014456452,0.059579567430107304,0.05179118423529613,0,0.802546401445645
4078,constant,0.7792644705835426,0.91707826,0.902303159236908,0.032600360332357414,0.01611105352640152,0,0.9023032784461975
4078,powerlaw,0.7792644705835426,0.91707826,0.7372960325560507,0.032600360332357414,0.19603804010810497,0,0.6144594508278335
4078,local_quadratic,0.7792644705835426,0.91707826,0.7369345967852028,0.032600360332357414,0.19643215671510547,0,0.5681857393632694
4078,regularized,0.7792644705835426,0.91707826,0.8069683933890369,0.032600360332357414,0.12006594031069474,0,0.7964048559643775
10511,constant,0.7978204784289771,1.2473959,1.2444788217544556,0.018963589786298467,0.0023385128006339073,0,1.244478702545166
10511,powerlaw,0.7978204784289771,1.2473959,1.2891514066532093,0.018963589786298467,0.03347416364356596,0,1.2514024054339152
10511,local_quadratic,0.7978204784289771,1.2473959,1.190544600350761,0.018963589786298467,0.045575966656916087,0,1.1558927711978437
10511,regularized,0.7978204784289771,1.2473959,1.2017605735194081,0.018963589786298467,0.036584456094158335,0,1.1848599365939827
8217,constant,0.7249309295587855,1.0624063,0.96942138671875,0.015100469216619714,0.08752293139696121,0,0.96942138671875
8217,powerlaw,0.7249309295587855,1.0624063,0.9569425551162861,0.015100469216619714,0.09926875079089928,0,0.9054745201360461
8217,local_quadratic,0.7249309295587855,1.0624063,0.7345011324401733,0.015100469216619714,0.3086438480228927,0,0.45468165474250494
8217,regularized,0.7249309295587855,1.0624063,0.8392276165556578,0.015100469216619714,0.2100690523277065,0,0.8392276165556578
8825,constant,0.8150404789077426,1.1683717,1.3156237602233887,0.013738541211668244,0.12603189051151276,0,1.3156237602233887
8825,powerlaw,0.8150404789077426,1.1683717,1.3810759914459383,0.013738541211668244,0.182051925908399,0,1.3360980192461867
8825,local_quadratic,0.8150404789077426,1.1683717,1.2242791037678535,0.013738541211668244,0.04785072032355907,0,1.1304624551016982
8825,regularized,0.8150404789077426,1.1683717,1.327123978594549,0.013738541211668244,0.13587482841874518,0,1.3237050513986415
6123,constant,1.5162257432070687,0.9374026,0.9600298404693604,0.024842552036076285,0.024138225242495537,0,0.9600298404693604
6123,powerlaw,1.5162257432070687,0.9374026,0.827638847269903,0.024842552036076285,0.11709350714063611,0,0.7387087382628978
6123,local_quadratic,1.5162257432070687,0.9374026,0.8912505268114171,0.024842552036076285,0.04923399924760398,0,0.8314230312272575
6123,regularized,1.5162257432070687,0.9374026,0.9341408271968044,0.024842552036076285,0.003479592218667608,0,0.9341408271968044
10156,constant,0.7486489406951138,0.8190678,0.9402217268943787,0.036960017299400016,0.14791688323020935,0,0.9402215480804443
10156,powerlaw,0.7486489406951138,0.8190678,0.9431084296572941,0.036960017299400016,0.15144125682631238,0,0.8896285239532659
10156,local_quadratic,0.7486489406951138,0.8190678,0.7915516151684611,0.036960017299400016,0.03359448611474803,0,0.58268941884342
10156,regularized,0.7486489406951138,0.8190678,1.1219339210595352,0.036960017299400016,0.36976933247250465,0,1.0875380548200022
5355,constant,0.9561316350774024,0.82587886,0.7921804189682007,0.09032874850131718,0.040803126990795135,0,0.7921804189682007
5355,powerlaw,0.9561316350774024,0.82587886,0.7068726002432436,0.09032874850131718,0.1440965065138415,0,0.621016738427482
5355,local_quadratic,0.9561316350774024,0.82587886,0.9608835477314038,0.09032874850131718,0.16346790787148394,0,0.8710868586889482
5355,regularized,0.9561316350774024,0.82587886,0.8855265148311815,0.09032874850131718,0.07222325120229489,0,0.8663022591089028
4613,constant,1.16341807934622,1.0205965,1.195040225982666,0.05620521448522771,0.17092329263687134,0,1.195040225982666
4613,powerlaw,1.16341807934622,1.0205965,1.323880653441444,0.05620521448522771,0.2971636175300775,0,1.243326744163397
4613,local_quadratic,1.16341807934622,1.0205965,1.1315060843147955,0.05620521448522771,0.10867133058530816,0,1.0715880931113677
4613,regularized,1.16341807934622,1.0205965,1.3731470378067965,0.05620521448522771,0.34543576441874296,0,1.3731470378067965
9705,constant,1.2747558140884645,0.93876773,1.1671199798583984,0.05405612189481776,0.24324680864810944,0,1.1671202182769775
9705,powerlaw,1.2747558140884645,0.93876773,1.4193734467772174,0.05405612189481776,0.5119538088280943,0,1.2263691033020472
9705,local_quadratic,1.2747558140884645,0.93876773,1.8820161744715944,0.05405612189481776,1.0047729719964493,0,1.3792261579903586
9705,regularized,1.2747558140884645,0.93876773,1.3400500382990288,0.05405612189481776,0.427456434405499,0,1.3400500382990288
1694,constant,0.9292537377274112,1.3069463,1.2690068483352661,0.014998680349949306,0.029029065743088722,0,1.2690068483352661
1694,powerlaw,0.9292537377274112,1.3069463,1.5157409685807384,0.014998680349949306,0.1597576691084868,0,1.3558751636092843
1694,local_quadratic,0.9292537377274112,1.3069463,1.4485471077255399,0.014998680349949306,0.1083447977411625,0,1.3325577629006333
1694,regularized,0.9292537377274112,1.3069463,1.4426421815703283,0.014998680349949306,0.103826688423026,0,1.3321974224208113
8955,constant,0.9853557297268468,1.3905829,1.1853156089782715,0.015608051468308648,0.14761242270469666,0,1.1853156089782715
8955,powerlaw,0.9853557297268468,1.3905829,1.3410518264076805,0.015608051468308648,0.035618942266617694,0,1.219282874213046
8955,local_quadratic,0.9853557297268468,1.3905829,1.3890197108760436,0.015608051468308648,0.0011241388221087459,0,1.2439700163049145
8955,regularized,0.9853557297268468,1.3905829,1.3147840136479256,0.015608051468308648,0.05450872754915445,0,1.2589493534809704
4308,constant,1.1944144771582632,1.0796064,0.8870294094085693,0.09071317883970136,0.17837704718112946,0,0.8870294690132141
4308,powerlaw,1.1944144771582632,1.0796064,0.9136295066325043,0.09071317883970136,0.15373834860631866,0,0.9132288548775678
4308,local_quadratic,1.1944144771582632,1.0796064,0.9891005271571871,0.09071317883970136,0.08383229807059023,0,0.9360593991388415
4308,regularized,1.1944144771582632,1.0796064,1.0003779177623682,0.09071317883970136,0.0733864629397521,0,1.0003779177623682
1157,constant,1.5065163046571877,1.0242103,1.1274205446243286,0.08621039723338651,0.10077052563428879,0,1.1274205446243286
1157,powerlaw,1.5065163046571877,1.0242103,0.9980081683648087,0.08621039723338651,0.025582797394277802,0,0.992375600976808
1157,local_quadratic,1.5065163046571877,1.0242103,1.2274144582831434,0.08621039723338651,0.19840077545426618,0,1.0979817496015472
1157,regularized,1.5065163046571877,1.0242103,1.0867395893016933,0.08621039723338651,0.06105118588685418,0,1.0867395893016931
7366,constant,0.974354578578112,0.9498602,0.9591752886772156,0.060379521466064144,0.009806783869862556,0,0.9591753482818604
7366,powerlaw,0.974354578578112,0.9498602,0.8320849230427451,0.060379521466064144,0.12399223618512344,0,0.7327748953923264
7366,local_quadratic,0.974354578578112,0.9498602,1.0621814426411675,0.060379521466064144,0.11825027057478492,0,1.000559948871764
7366,regularized,0.974354578578112,0.9498602,1.0251031274372895,0.060379521466064144,0.07921472133180966,0,0.9982382325331118
5850,constant,1.3334151759731536,1.0497276,0.9020841121673584,0.04511392080489756,0.14064930379390717,0,0.9020841121673584
5850,powerlaw,1.3334151759731536,1.0497276,0.9619796116583191,0.04511392080489756,0.08359116293701752,0,0.944716143978546
5850,local_quadratic,1.3334151759731536,1.0497276,0.9010079834178835,0.04511392080489756,0.14167445103637083,0,0.8332210402063253
5850,regularized,1.3334151759731536,1.0497276,0.9434608803262537,0.04511392080489756,0.10123262730718716,0,0.9434608803262537
10869,constant,0.8144588002119629,1.1722199,1.219901204109192,0.009294001025061715,0.04067609831690788,0,1.2199013233184814
10869,powerlaw,0.8144588002119629,1.1722199,1.2853231696359833,0.009294001025061715,0.09648641847586217,0,1.2385298933722195
10869,local_quadratic,0.8144588002119629,1.1722199,1.2068452215624135,0.009294001025061715,0.029538271702087403,0,1.1931747775396886
10869,regularized,0.8144588002119629,1.1722199,1.2773424664454271,0.009294001025061715,0.08967822201208098,0,1.277342466445427
